person_id,method,matched_frames,valid_points,mpjpe,median,p95,evaluation_protocol
10,avg_body_current,949,66430,0.0839228180283742,0.063911916852645,0.2194902309391229,similarity_plus_hip_centering
100,avg_body_current,1112,77840,0.0520047615342018,0.0435281961486129,0.1171810426870043,similarity_plus_hip_centering
101,avg_body_current,977,68390,0.0440079758275582,0.0419558625722259,0.0906408703792105,similarity_plus_hip_centering
102,avg_body_current,1114,77980,0.0486999965107987,0.0421414412494444,0.1090162996728057,similarity_plus_hip_centering
103,avg_body_current,971,67970,0.0676024354692993,0.0564922749944722,0.1701175129190842,similarity_plus_hip_centering
104,avg_body_current,1083,75810,0.0508183171178125,0.0454565925170506,0.1039271263373015,similarity_plus_hip_centering
105,avg_body_current,1278,89460,0.063131333949795,0.0534114684875051,0.1521876933380597,similarity_plus_hip_centering
108,avg_body_current,1123,78610,0.073754074815566,0.0613271861423276,0.180256505006967,similarity_plus_hip_centering
109,avg_body_current,1145,80150,0.0896085351487147,0.0800388828510339,0.1889343454754885,similarity_plus_hip_centering
11,avg_body_current,1116,78120,0.0617798801666216,0.0565110948467841,0.1269760379941118,similarity_plus_hip_centering
110,avg_body_current,1113,77910,0.0588408880645576,0.0492733829459456,0.14290265230267,similarity_plus_hip_centering
111,avg_body_current,1106,77420,0.0785655310918737,0.0648776297162178,0.1779955171348343,similarity_plus_hip_centering
112,avg_body_current,1127,78890,0.0606685521931653,0.0538999464454585,0.134596720278822,similarity_plus_hip_centering
113,avg_body_current,1123,78610,0.0465533790612585,0.0385674284878204,0.1175351219907344,similarity_plus_hip_centering
114,avg_body_current,1431,100170,0.0593479387755489,0.051259375007348,0.1354015962585898,similarity_plus_hip_centering
115,avg_body_current,1141,79870,0.063236011710451,0.0515406987890405,0.1536551408806613,similarity_plus_hip_centering
119,avg_body_current,968,67760,0.0764816530202342,0.06270267113918,0.1809822268330247,similarity_plus_hip_centering
120,avg_body_current,957,66990,0.0909574665802212,0.072125415998604,0.2169453899265284,similarity_plus_hip_centering
121,avg_body_current,964,67480,0.1019413308872326,0.0826014869504427,0.2474973931488291,similarity_plus_hip_centering
122,avg_body_current,1110,77700,0.0732808336413158,0.0610113925371672,0.1599881898277394,similarity_plus_hip_centering
124,avg_body_current,1100,77000,0.0615615027376828,0.044064277911084,0.1679293964860614,similarity_plus_hip_centering
125,avg_body_current,955,66850,0.0884310743025545,0.0738549430233335,0.20573584282647,similarity_plus_hip_centering
127,avg_body_current,957,66990,0.0740912356931543,0.0579250288830973,0.1861291958344418,similarity_plus_hip_centering
128,avg_body_current,967,67690,0.1264376488063775,0.0874323270665623,0.3507148916484965,similarity_plus_hip_centering
129,avg_body_current,1107,77490,0.0834571410642793,0.0683128055582,0.1894103910532436,similarity_plus_hip_centering
131,avg_body_current,1112,77840,0.0675394287139176,0.0568481951132786,0.1599032373947855,similarity_plus_hip_centering
132,avg_body_current,1114,77980,0.0743721217603237,0.0643979731745637,0.1733972264708224,similarity_plus_hip_centering
133,avg_body_current,1119,78330,0.0825108884603819,0.0645773529999769,0.2140070887089645,similarity_plus_hip_centering
134,avg_body_current,1123,78610,0.0869529243079578,0.0716020610010151,0.2027448321790703,similarity_plus_hip_centering
138,avg_body_current,1120,78400,0.0658826590651394,0.0563484416279189,0.1450045990676327,similarity_plus_hip_centering
14,avg_body_current,946,66220,0.0539864752991732,0.0450198850837655,0.1252359886608186,similarity_plus_hip_centering
15,avg_body_current,1104,77280,0.0605014505631054,0.0510488285660625,0.1471465938101563,similarity_plus_hip_centering
16,avg_body_current,960,67200,0.0800577241205629,0.0671029275602472,0.1970943109406636,similarity_plus_hip_centering
18,avg_body_current,1109,77630,0.0560495442913603,0.0490829258943651,0.1236151156207909,similarity_plus_hip_centering
19,avg_body_current,955,66850,0.0711387736302579,0.0630737461064811,0.1512345558873013,similarity_plus_hip_centering
2,avg_body_current,1114,77980,0.062667451835409,0.052343492835856,0.153970791495137,similarity_plus_hip_centering
20,avg_body_current,1129,79030,0.0684165615153591,0.0612548013448209,0.1458544026474972,similarity_plus_hip_centering
21,avg_body_current,964,67480,0.0632962868694074,0.0546867996479602,0.1400021568990372,similarity_plus_hip_centering
22,avg_body_current,953,66710,0.0647614832692546,0.0507074782722769,0.1588933061783557,similarity_plus_hip_centering
25,avg_body_current,1128,78960,0.0810975203857158,0.0652684832153492,0.1981367079127914,similarity_plus_hip_centering
26,avg_body_current,961,67270,0.0569208356867955,0.0495740749462437,0.1251170491761332,similarity_plus_hip_centering
28,avg_body_current,1124,78680,0.0706543945919961,0.06032215602458,0.1685319866215386,similarity_plus_hip_centering
29,avg_body_current,1112,77840,0.0519478583832495,0.0456021960393527,0.1120784534482074,similarity_plus_hip_centering
3,avg_body_current,1119,78330,0.099743858856707,0.0891612286808667,0.2270996862247221,similarity_plus_hip_centering
30,avg_body_current,1119,78330,0.0727408089197981,0.0607841904623497,0.1674321544519903,similarity_plus_hip_centering
33,avg_body_current,958,67060,0.0679931729196838,0.0573541615338735,0.1576441411430697,similarity_plus_hip_centering
35,avg_body_current,1117,78190,0.0647076913090365,0.0592566705827371,0.1287007860591052,similarity_plus_hip_centering
39,avg_body_current,1028,71960,0.0542448756290264,0.0429420150275702,0.1389096332201163,similarity_plus_hip_centering
4,avg_body_current,1145,80150,0.0715840425003629,0.0599872963149386,0.1716534156342684,similarity_plus_hip_centering
40,avg_body_current,1128,78960,0.0772657994173161,0.0637479753866041,0.1961757405982957,similarity_plus_hip_centering
41,avg_body_current,1195,83650,0.047538897736738,0.0388917814583859,0.1231753340675136,similarity_plus_hip_centering
42,avg_body_current,1115,78050,0.058920066760571,0.0487844152858771,0.1471716738092625,similarity_plus_hip_centering
43,avg_body_current,1123,78610,0.0814129429812566,0.066495489861614,0.2004847138875182,similarity_plus_hip_centering
44,avg_body_current,1133,79310,0.0635680026599318,0.0534545371732075,0.1523515298747488,similarity_plus_hip_centering
46,avg_body_current,1116,78120,0.0634489502732047,0.0557171289750804,0.1311873646259448,similarity_plus_hip_centering
47,avg_body_current,1118,78260,0.0555377766143386,0.0495318498640056,0.1142873546486363,similarity_plus_hip_centering
5,avg_body_current,1110,77700,0.0539539939743878,0.0456107784262104,0.1302270562209229,similarity_plus_hip_centering
53,avg_body_current,961,67270,0.0562398514914071,0.045097475939794,0.1457030489563061,similarity_plus_hip_centering
54,avg_body_current,1119,78330,0.0591163912688557,0.0503888079658292,0.1351726446786908,similarity_plus_hip_centering
55,avg_body_current,1116,78120,0.0576220733282847,0.0512053726776605,0.1249543932439648,similarity_plus_hip_centering
56,avg_body_current,1094,76580,0.0641304753192095,0.0583295361749517,0.1315818450991616,similarity_plus_hip_centering
58,avg_body_current,1112,77840,0.0670854470934773,0.0549557704858018,0.1603412827855749,similarity_plus_hip_centering
59,avg_body_current,1075,75250,0.0648328966731515,0.0578383260686611,0.1363990208796402,similarity_plus_hip_centering
6,avg_body_current,1113,77910,0.0744074295535567,0.0573657961961563,0.2047366411857592,similarity_plus_hip_centering
61,avg_body_current,948,66360,0.0943149479190435,0.0794761246570959,0.2251001317461911,similarity_plus_hip_centering
62,avg_body_current,946,66220,0.0825677602889209,0.0664812868051844,0.1975925918222991,similarity_plus_hip_centering
63,avg_body_current,1114,77980,0.0867895594833865,0.0736595697824344,0.2088789734234586,similarity_plus_hip_centering
64,avg_body_current,1121,78470,0.0773660932783296,0.0688570876495712,0.1702048247170066,similarity_plus_hip_centering
65,avg_body_current,1124,78680,0.0684254352032246,0.0610859125084375,0.1415438185492749,similarity_plus_hip_centering
66,avg_body_current,965,67550,0.1010843199453708,0.0873154773735486,0.2188428422850265,similarity_plus_hip_centering
67,avg_body_current,1115,78050,0.0587155842521848,0.0492835239113382,0.1440579043861479,similarity_plus_hip_centering
68,avg_body_current,967,67690,0.0490291052168322,0.0430331391419804,0.1086694957806553,similarity_plus_hip_centering
69,avg_body_current,961,67270,0.0543507667930628,0.0410828160385183,0.1414831692616073,similarity_plus_hip_centering
7,avg_body_current,954,66780,0.0789522072516475,0.0629024423144306,0.2076460179297583,similarity_plus_hip_centering
70,avg_body_current,1128,78960,0.0562009962255026,0.0480318435973966,0.1266742697160665,similarity_plus_hip_centering
72,avg_body_current,1112,77840,0.0530572020195199,0.0471258084444352,0.1158609514263449,similarity_plus_hip_centering
74,avg_body_current,1126,78820,0.0678340415977327,0.0617450677587818,0.1452759231741995,similarity_plus_hip_centering
75,avg_body_current,1117,78190,0.0564231287014963,0.0478180103466426,0.1309319105171761,similarity_plus_hip_centering
76,avg_body_current,1060,74200,0.0524577864157295,0.044089260423125,0.1199790904437737,similarity_plus_hip_centering
77,avg_body_current,1119,78330,0.0483561740764167,0.0425828118752516,0.1114104671872454,similarity_plus_hip_centering
78,avg_body_current,957,66990,0.0531344100649458,0.0479801906395469,0.1138608804737886,similarity_plus_hip_centering
8,avg_body_current,1136,79520,0.0568829769802243,0.0498653288028751,0.1266474186675318,similarity_plus_hip_centering
80,avg_body_current,1102,77140,0.0643802953635603,0.0532425060894212,0.1520479656931128,similarity_plus_hip_centering
81,avg_body_current,1118,78260,0.0706710662941931,0.0590818270632997,0.1640924039694097,similarity_plus_hip_centering
82,avg_body_current,1111,77770,0.052395240468993,0.0441362942942074,0.124411759466506,similarity_plus_hip_centering
83,avg_body_current,1119,78330,0.066994651233177,0.0566339689202877,0.1684300964497877,similarity_plus_hip_centering
87,avg_body_current,1168,81760,0.0478195078094162,0.0409196747870559,0.1056768426897073,similarity_plus_hip_centering
9,avg_body_current,1114,77980,0.0576208586773727,0.0483777099359699,0.1352787785350809,similarity_plus_hip_centering
90,avg_body_current,959,67130,0.0607798453243053,0.0521810970762656,0.129808710989713,similarity_plus_hip_centering
91,avg_body_current,1113,77910,0.0431522404912195,0.0390186657773823,0.0945984621366302,similarity_plus_hip_centering
92,avg_body_current,1119,78330,0.0544757756791628,0.0457793845588273,0.1312823875172906,similarity_plus_hip_centering
93,avg_body_current,1111,77770,0.085017626236021,0.0739990969425276,0.1900037421098983,similarity_plus_hip_centering
94,avg_body_current,1123,78610,0.0563916139189735,0.0523529535463827,0.1222113664588764,similarity_plus_hip_centering
95,avg_body_current,1109,77630,0.0414325110368993,0.0333534715398699,0.1007622852712977,similarity_plus_hip_centering
97,avg_body_current,1107,77490,0.0415313386329885,0.0363465917767309,0.0923735368788245,similarity_plus_hip_centering
99,avg_body_current,1111,77770,0.0446166825818739,0.0372725055804185,0.1003735239572898,similarity_plus_hip_centering
107,avg_body_current,946,66220,0.051702784781583,0.0396599638905698,0.1494238362681358,similarity_plus_hip_centering
118,avg_body_current,1114,77980,0.0578824486111327,0.048836104536116,0.1326941311124213,similarity_plus_hip_centering
12,avg_body_current,955,66850,0.0651545419042644,0.0527265031956502,0.1741897589443209,similarity_plus_hip_centering
123,avg_body_current,1114,77980,0.0926882970434896,0.0767709320794673,0.2236087636973658,similarity_plus_hip_centering
126,avg_body_current,1130,79100,0.105283351298666,0.0798985855405258,0.2736668397876565,similarity_plus_hip_centering
13,avg_body_current,967,67690,0.0792056758582861,0.0664987804624684,0.1892981944365712,similarity_plus_hip_centering
137,avg_body_current,1112,77840,0.046216566147032,0.039566378730209,0.1058960765020654,similarity_plus_hip_centering
17,avg_body_current,1042,72940,0.0609954028357929,0.0519978499450593,0.1426308036906421,similarity_plus_hip_centering
23,avg_body_current,960,67200,0.0782550141289415,0.0630292927963163,0.1922817992705636,similarity_plus_hip_centering
27,avg_body_current,1132,79240,0.0585305295272412,0.049897184503894,0.1429716457092698,similarity_plus_hip_centering
31,avg_body_current,958,67060,0.0691050339434659,0.0550336508460489,0.1685369468897153,similarity_plus_hip_centering
32,avg_body_current,954,66780,0.0704191094261744,0.056728027834533,0.1693758113418114,similarity_plus_hip_centering
34,avg_body_current,960,67200,0.0734097449977432,0.0663317430026977,0.1576342667460274,similarity_plus_hip_centering
37,avg_body_current,943,66010,0.0598157505075645,0.048320923360497,0.138582175918048,similarity_plus_hip_centering
38,avg_body_current,952,66640,0.061174166191754,0.0482001467615146,0.1557641772872758,similarity_plus_hip_centering
45,avg_body_current,1123,78610,0.0536685540673989,0.0455052208027874,0.1158702937493848,similarity_plus_hip_centering
48,avg_body_current,1090,76300,0.0532071604434665,0.0461849035885168,0.1215943413023865,similarity_plus_hip_centering
50,avg_body_current,1120,78400,0.0708861122872443,0.0598783611338391,0.1645636115521974,similarity_plus_hip_centering
57,avg_body_current,1227,85890,0.0728307972492628,0.0658307410586616,0.1517198244649945,similarity_plus_hip_centering
71,avg_body_current,1120,78400,0.0643190214355336,0.0550363452079418,0.1447040290812782,similarity_plus_hip_centering
73,avg_body_current,1113,77910,0.057358034042419,0.0482038818516463,0.1322600393992035,similarity_plus_hip_centering
84,avg_body_current,1108,77560,0.0522606735436669,0.0447989833106985,0.1175030187942105,similarity_plus_hip_centering
86,avg_body_current,1115,78050,0.0420756805249952,0.0376271545513411,0.0938147450536935,similarity_plus_hip_centering
88,avg_body_current,962,67340,0.0731795680514972,0.0620409767735904,0.1574496572678745,similarity_plus_hip_centering
89,avg_body_current,1108,77560,0.0614859107680023,0.0513903031097403,0.1519119202723753,similarity_plus_hip_centering
96,avg_body_current,1110,77700,0.0539175090442404,0.0483223022461435,0.1198925781924801,similarity_plus_hip_centering
98,avg_body_current,1122,78540,0.0452909220198956,0.0392068951806652,0.1062044100977044,similarity_plus_hip_centering
1,avg_body_current,955,66850,0.0597813652534011,0.0505368673046243,0.1460585328370597,similarity_plus_hip_centering
106,avg_body_current,1121,78470,0.0763117622670871,0.0642338282565266,0.1833896024315748,similarity_plus_hip_centering
116,avg_body_current,1153,80710,0.0597253560943097,0.0509098892429827,0.1407974683617613,similarity_plus_hip_centering
117,avg_body_current,1114,77980,0.0579773961490078,0.0463077354681466,0.1442723578860715,similarity_plus_hip_centering
130,avg_body_current,1117,78190,0.078008985755072,0.0622400654224713,0.1966015677119908,similarity_plus_hip_centering
136,avg_body_current,949,66430,0.0689794332533419,0.0641691325021489,0.141655701959749,similarity_plus_hip_centering
24,avg_body_current,949,66430,0.0638938099042948,0.0540856142868293,0.1471844758456812,similarity_plus_hip_centering
36,avg_body_current,1112,77840,0.0525755849554172,0.0459227393851941,0.1202126371263749,similarity_plus_hip_centering
49,avg_body_current,1125,78750,0.0577645106277067,0.0499644345897498,0.137630433179011,similarity_plus_hip_centering
51,avg_body_current,1110,77700,0.0566203008084226,0.0469297025269883,0.1302561146283979,similarity_plus_hip_centering
52,avg_body_current,1122,78540,0.0539762750455623,0.0465070238364268,0.125972034975658,similarity_plus_hip_centering
60,avg_body_current,1123,78610,0.0643011734258108,0.0521052166246971,0.1606928944085095,similarity_plus_hip_centering
79,avg_body_current,1115,78050,0.0567533157459527,0.0490563838445009,0.1347807539161862,similarity_plus_hip_centering
85,avg_body_current,966,67620,0.0449334082070077,0.0373306115236676,0.1057259669716302,similarity_plus_hip_centering
10,avg_world_face_ref,949,66430,0.1691851976483751,0.1432692533018797,0.3955336590769133,similarity_plus_hip_centering
100,avg_world_face_ref,1112,77840,0.1124776919485466,0.110235114450987,0.212149059612443,similarity_plus_hip_centering
101,avg_world_face_ref,977,68390,0.0979138046053177,0.0919090816786856,0.171093558674148,similarity_plus_hip_centering
102,avg_world_face_ref,1114,77980,0.1074524874430985,0.0997952337344995,0.2139445314952676,similarity_plus_hip_centering
103,avg_world_face_ref,971,67970,0.1307696370013038,0.1137685430077152,0.3093743191578115,similarity_plus_hip_centering
104,avg_world_face_ref,1083,75810,0.1004229007469157,0.097464830146393,0.1923801197077757,similarity_plus_hip_centering
105,avg_world_face_ref,1278,89460,0.1145404284394796,0.0946125916305576,0.2621899396752207,similarity_plus_hip_centering
108,avg_world_face_ref,1123,78610,0.1404410620838992,0.1194845480819159,0.3357733251612517,similarity_plus_hip_centering
109,avg_world_face_ref,1145,80150,0.1420955544977406,0.120803998934823,0.3181946064029479,similarity_plus_hip_centering
11,avg_world_face_ref,1116,78120,0.1175228198368998,0.1053605671627564,0.2289507556604511,similarity_plus_hip_centering
110,avg_world_face_ref,1113,77910,0.1151305410213651,0.0989736531707428,0.2589653313537042,similarity_plus_hip_centering
111,avg_world_face_ref,1106,77420,0.128955538397372,0.1091303290898624,0.3063943152212824,similarity_plus_hip_centering
112,avg_world_face_ref,1127,78890,0.1127636902189737,0.1099410100351229,0.1900093841592733,similarity_plus_hip_centering
113,avg_world_face_ref,1123,78610,0.1014501032106056,0.100001745325283,0.1798350530314618,similarity_plus_hip_centering
114,avg_world_face_ref,1431,100170,0.1187344827913765,0.1092386015786343,0.2475104922285558,similarity_plus_hip_centering
115,avg_world_face_ref,1141,79870,0.1182670281608077,0.1026419880717997,0.2621404188251744,similarity_plus_hip_centering
119,avg_world_face_ref,968,67760,0.1377790578486163,0.1149141186600344,0.3494849724182403,similarity_plus_hip_centering
120,avg_world_face_ref,957,66990,0.153683577461603,0.1317293355302822,0.3662006696085763,similarity_plus_hip_centering
121,avg_world_face_ref,964,67480,0.1334304742965498,0.1032038531107026,0.3387090390211124,similarity_plus_hip_centering
122,avg_world_face_ref,1110,77700,0.1229678678749361,0.1161624282897252,0.2406835313378639,similarity_plus_hip_centering
124,avg_world_face_ref,1100,77000,0.1231799930462941,0.1070555502803817,0.2612284738867464,similarity_plus_hip_centering
125,avg_world_face_ref,955,66850,0.1384363353955904,0.1116777337866339,0.352583881909686,similarity_plus_hip_centering
127,avg_world_face_ref,957,66990,0.1381360782902218,0.116458747642552,0.3460461993358233,similarity_plus_hip_centering
128,avg_world_face_ref,967,67690,0.1808118359696613,0.1258578793273624,0.535799751385023,similarity_plus_hip_centering
129,avg_world_face_ref,1107,77490,0.1497475601114349,0.1235623082620885,0.3656613920503753,similarity_plus_hip_centering
131,avg_world_face_ref,1112,77840,0.128716362402715,0.1127722801325205,0.3104175977648908,similarity_plus_hip_centering
132,avg_world_face_ref,1114,77980,0.1072138505765793,0.0982341041847282,0.235185454795983,similarity_plus_hip_centering
133,avg_world_face_ref,1119,78330,0.1494155780127439,0.1190183797390252,0.3816594337240203,similarity_plus_hip_centering
134,avg_world_face_ref,1123,78610,0.1445266560473627,0.1168970424042829,0.3588925527337601,similarity_plus_hip_centering
138,avg_world_face_ref,1120,78400,0.1355767677844773,0.1174218893432549,0.264776268846375,similarity_plus_hip_centering
14,avg_world_face_ref,946,66220,0.1034788205090154,0.0974538561915757,0.2153090950649363,similarity_plus_hip_centering
15,avg_world_face_ref,1104,77280,0.1307983458177922,0.1189434726733712,0.2869803714678173,similarity_plus_hip_centering
16,avg_world_face_ref,960,67200,0.1492186442429315,0.1291104001215581,0.3795095503349169,similarity_plus_hip_centering
18,avg_world_face_ref,1109,77630,0.1097997427183366,0.0974348114772683,0.2507809574286914,similarity_plus_hip_centering
19,avg_world_face_ref,955,66850,0.1363807629015663,0.1273701054720636,0.2765180370073326,similarity_plus_hip_centering
2,avg_world_face_ref,1114,77980,0.1218733957743253,0.1059441234275638,0.2741703844297716,similarity_plus_hip_centering
20,avg_world_face_ref,1129,79030,0.1375756754032364,0.129541482059635,0.2890003132610282,similarity_plus_hip_centering
21,avg_world_face_ref,964,67480,0.1062795801110244,0.0973896111412476,0.2174188748826694,similarity_plus_hip_centering
22,avg_world_face_ref,953,66710,0.1170804472499552,0.1087471135819184,0.2491552501573806,similarity_plus_hip_centering
25,avg_world_face_ref,1128,78960,0.1228490033727732,0.1006857523246987,0.3031985737478279,similarity_plus_hip_centering
26,avg_world_face_ref,961,67270,0.1105704505252297,0.1100857588513466,0.1926049578248723,similarity_plus_hip_centering
28,avg_world_face_ref,1124,78680,0.1371254974991007,0.1124984008324472,0.3292859071854603,similarity_plus_hip_centering
29,avg_world_face_ref,1112,77840,0.1031464683340398,0.0957532031437953,0.1952912462581079,similarity_plus_hip_centering
3,avg_world_face_ref,1119,78330,0.1484826242188262,0.1110386759261264,0.4203391044337346,similarity_plus_hip_centering
30,avg_world_face_ref,1119,78330,0.1283693707554153,0.1121451758843816,0.2724854095929392,similarity_plus_hip_centering
33,avg_world_face_ref,958,67060,0.1169023030240284,0.1005007037090656,0.2820434906264464,similarity_plus_hip_centering
35,avg_world_face_ref,1117,78190,0.1190582378255761,0.103333175433067,0.2589030306673116,similarity_plus_hip_centering
39,avg_world_face_ref,1028,71960,0.122294914492851,0.1094155977716167,0.2887505066609858,similarity_plus_hip_centering
4,avg_world_face_ref,1145,80150,0.131357642001411,0.1112302689768704,0.3038863990413499,similarity_plus_hip_centering
40,avg_world_face_ref,1128,78960,0.1389751513741985,0.1139784331532119,0.3441815362887803,similarity_plus_hip_centering
41,avg_world_face_ref,1195,83650,0.1034953053638103,0.0924214421849581,0.2210248870241561,similarity_plus_hip_centering
42,avg_world_face_ref,1115,78050,0.1293617310158898,0.1188751703018722,0.2548915080513921,similarity_plus_hip_centering
43,avg_world_face_ref,1123,78610,0.1532493807652006,0.1316286239999385,0.3599197135946269,similarity_plus_hip_centering
44,avg_world_face_ref,1133,79310,0.1173119328194631,0.1102072410616383,0.2302696022595409,similarity_plus_hip_centering
46,avg_world_face_ref,1116,78120,0.1303230780327803,0.1278625763143367,0.2462997461503728,similarity_plus_hip_centering
47,avg_world_face_ref,1118,78260,0.1068130535990866,0.0967925604180833,0.2199783397464148,similarity_plus_hip_centering
5,avg_world_face_ref,1110,77700,0.1203676355419035,0.1105804167191295,0.2473052386151848,similarity_plus_hip_centering
53,avg_world_face_ref,961,67270,0.1188726912741934,0.1101875664360763,0.2249238846214503,similarity_plus_hip_centering
54,avg_world_face_ref,1119,78330,0.1158369111660732,0.1047647566426814,0.2588091260466281,similarity_plus_hip_centering
55,avg_world_face_ref,1116,78120,0.1199950528210323,0.1135442645018741,0.2113967967296384,similarity_plus_hip_centering
56,avg_world_face_ref,1094,76580,0.1224373931282749,0.1188327185540694,0.2206518901594391,similarity_plus_hip_centering
58,avg_world_face_ref,1112,77840,0.1341822712634379,0.1125386310485091,0.3075809016353897,similarity_plus_hip_centering
59,avg_world_face_ref,1075,75250,0.1082882361810224,0.090682650151336,0.2453996009356958,similarity_plus_hip_centering
6,avg_world_face_ref,1113,77910,0.1468292459373934,0.1231528135295112,0.3947133917425343,similarity_plus_hip_centering
61,avg_world_face_ref,948,66360,0.1681245832143322,0.1433580849154036,0.4144324238911259,similarity_plus_hip_centering
62,avg_world_face_ref,946,66220,0.1389226175805017,0.1251484555958802,0.3121234772839529,similarity_plus_hip_centering
63,avg_world_face_ref,1114,77980,0.149449849650097,0.1289441889264315,0.3513423929207796,similarity_plus_hip_centering
64,avg_world_face_ref,1121,78470,0.1347921857585981,0.1197076156096581,0.3118146186927724,similarity_plus_hip_centering
65,avg_world_face_ref,1124,78680,0.1214083012733591,0.1070320336169468,0.269775413591686,similarity_plus_hip_centering
66,avg_world_face_ref,965,67550,0.1485859106374343,0.1220881931409481,0.3565889240380758,similarity_plus_hip_centering
67,avg_world_face_ref,1115,78050,0.1117867211312584,0.0956888436649793,0.2687891116189373,similarity_plus_hip_centering
68,avg_world_face_ref,967,67690,0.0883923057289143,0.0762568984533479,0.1906023255742349,similarity_plus_hip_centering
69,avg_world_face_ref,961,67270,0.1199322084882497,0.1124292298154466,0.2434719668221556,similarity_plus_hip_centering
7,avg_world_face_ref,954,66780,0.1535110801299512,0.1302080623299698,0.3546583087329179,similarity_plus_hip_centering
70,avg_world_face_ref,1128,78960,0.1212626701456881,0.1122470671729108,0.2513635412188699,similarity_plus_hip_centering
72,avg_world_face_ref,1112,77840,0.1065342212759912,0.0978246691638918,0.2128782311005082,similarity_plus_hip_centering
74,avg_world_face_ref,1126,78820,0.1330633067308219,0.1196302582350762,0.2831434108359607,similarity_plus_hip_centering
75,avg_world_face_ref,1117,78190,0.1196455023806791,0.1135631950625555,0.2355758363921726,similarity_plus_hip_centering
76,avg_world_face_ref,1060,74200,0.1207542311591955,0.1119749159920707,0.2345439446670511,similarity_plus_hip_centering
77,avg_world_face_ref,1119,78330,0.1018667471909838,0.0957556335910337,0.2174090438282341,similarity_plus_hip_centering
78,avg_world_face_ref,957,66990,0.1050591712037403,0.0930983272760586,0.2232141473640297,similarity_plus_hip_centering
8,avg_world_face_ref,1136,79520,0.1168527845315536,0.1121338402909462,0.2005745310013376,similarity_plus_hip_centering
80,avg_world_face_ref,1102,77140,0.1127439492519605,0.1003686313336765,0.2399133758352131,similarity_plus_hip_centering
81,avg_world_face_ref,1118,78260,0.1419716317370294,0.1225373396864084,0.3080031963963455,similarity_plus_hip_centering
82,avg_world_face_ref,1111,77770,0.1154128389703549,0.1087429897141493,0.2367802884825363,similarity_plus_hip_centering
83,avg_world_face_ref,1119,78330,0.1317343478647985,0.1109609277663159,0.3156744593994215,similarity_plus_hip_centering
87,avg_world_face_ref,1168,81760,0.0954555372103589,0.0860323149165726,0.1981562717895043,similarity_plus_hip_centering
9,avg_world_face_ref,1114,77980,0.1201138152458076,0.1071507975217795,0.2553434331753479,similarity_plus_hip_centering
90,avg_world_face_ref,959,67130,0.124054703918868,0.11680930526447,0.2533997358338311,similarity_plus_hip_centering
91,avg_world_face_ref,1113,77910,0.0963622273906324,0.0882455165381215,0.1919053062526581,similarity_plus_hip_centering
92,avg_world_face_ref,1119,78330,0.1191100455095889,0.1053000640311484,0.2661779809265963,similarity_plus_hip_centering
93,avg_world_face_ref,1111,77770,0.1578361673275399,0.1323311024479607,0.3843511087026235,similarity_plus_hip_centering
94,avg_world_face_ref,1123,78610,0.1178891781850735,0.1058429382710915,0.2473616138854288,similarity_plus_hip_centering
95,avg_world_face_ref,1109,77630,0.1063174524590715,0.096984427109121,0.1998115194805268,similarity_plus_hip_centering
97,avg_world_face_ref,1107,77490,0.0956662839323605,0.0924764073326579,0.1746695494766198,similarity_plus_hip_centering
99,avg_world_face_ref,1111,77770,0.0962791638244452,0.0853579171498609,0.1925597174950625,similarity_plus_hip_centering
107,avg_world_face_ref,946,66220,0.1067397476291674,0.0965213107062204,0.2281257722254668,similarity_plus_hip_centering
118,avg_world_face_ref,1114,77980,0.0973073096002445,0.0830461528157117,0.2127604920450934,similarity_plus_hip_centering
12,avg_world_face_ref,955,66850,0.1320922546567218,0.126312918403716,0.2506001683558312,similarity_plus_hip_centering
123,avg_world_face_ref,1114,77980,0.1546704472832797,0.1157239633974638,0.4055713689186869,similarity_plus_hip_centering
126,avg_world_face_ref,1130,79100,0.1495235885451546,0.1100501717453351,0.4156718664032294,similarity_plus_hip_centering
13,avg_world_face_ref,967,67690,0.1553619181178567,0.1397345773213446,0.369946039251504,similarity_plus_hip_centering
137,avg_world_face_ref,1112,77840,0.1047032683111488,0.0983682437774577,0.2065169846733683,similarity_plus_hip_centering
17,avg_world_face_ref,1042,72940,0.1293956318144463,0.1197806754285732,0.2498600736800503,similarity_plus_hip_centering
23,avg_world_face_ref,960,67200,0.1293062834708482,0.1222026587152681,0.2595795320028362,similarity_plus_hip_centering
27,avg_world_face_ref,1132,79240,0.1103957317739424,0.09277646481446,0.2517648370389684,similarity_plus_hip_centering
31,avg_world_face_ref,958,67060,0.129612859037032,0.1090089211417502,0.3155159310883798,similarity_plus_hip_centering
32,avg_world_face_ref,954,66780,0.1396583901287064,0.1230628257878174,0.3200585036242635,similarity_plus_hip_centering
34,avg_world_face_ref,960,67200,0.1457703737989424,0.1333464389203202,0.3236415368400565,similarity_plus_hip_centering
37,avg_world_face_ref,943,66010,0.1063241269189134,0.0990293408342568,0.189982132058823,similarity_plus_hip_centering
38,avg_world_face_ref,952,66640,0.1345986691481695,0.1233843185023725,0.2875289421045469,similarity_plus_hip_centering
45,avg_world_face_ref,1123,78610,0.1034913117926392,0.0957162370655699,0.2079937994388767,similarity_plus_hip_centering
48,avg_world_face_ref,1090,76300,0.1057615045579286,0.0983664771210026,0.2153204176856786,similarity_plus_hip_centering
50,avg_world_face_ref,1120,78400,0.1225759213187831,0.1165884005159683,0.2490590959235228,similarity_plus_hip_centering
57,avg_world_face_ref,1227,85890,0.1302064625695235,0.1110840121165471,0.2780315831398731,similarity_plus_hip_centering
71,avg_world_face_ref,1120,78400,0.1286391398137151,0.1161118576522761,0.2641051884925927,similarity_plus_hip_centering
73,avg_world_face_ref,1113,77910,0.1085936666933629,0.0969780981001035,0.2333470613621134,similarity_plus_hip_centering
84,avg_world_face_ref,1108,77560,0.0950096022281194,0.0904669823118873,0.1840020557648814,similarity_plus_hip_centering
86,avg_world_face_ref,1115,78050,0.0848119358483043,0.0813048969714839,0.1580840342816735,similarity_plus_hip_centering
88,avg_world_face_ref,962,67340,0.1460972954252034,0.1302835158783908,0.3074397781181412,similarity_plus_hip_centering
89,avg_world_face_ref,1108,77560,0.1254005036083777,0.1069837933280761,0.2745300906870578,similarity_plus_hip_centering
96,avg_world_face_ref,1110,77700,0.1065419269220065,0.0971106814110624,0.2189882171334357,similarity_plus_hip_centering
98,avg_world_face_ref,1122,78540,0.1126909454462143,0.1072362864825861,0.2149086924098598,similarity_plus_hip_centering
1,avg_world_face_ref,955,66850,0.1192628195599087,0.1079139807848139,0.2399632648988334,similarity_plus_hip_centering
106,avg_world_face_ref,1121,78470,0.124179328819304,0.1002219749933773,0.2989972252404839,similarity_plus_hip_centering
116,avg_world_face_ref,1153,80710,0.1254601145118582,0.1106192009464913,0.266928583987881,similarity_plus_hip_centering
117,avg_world_face_ref,1114,77980,0.0986055057569423,0.0813030454954036,0.2312750165671839,similarity_plus_hip_centering
130,avg_world_face_ref,1117,78190,0.1452601111109886,0.1218915219414187,0.3639405551473082,similarity_plus_hip_centering
136,avg_world_face_ref,949,66430,0.1412626918205517,0.1225240339585358,0.2943274414213587,similarity_plus_hip_centering
24,avg_world_face_ref,949,66430,0.1102986853775459,0.0983277011142904,0.2585539793480655,similarity_plus_hip_centering
36,avg_world_face_ref,1112,77840,0.110929810009838,0.100549461673179,0.2231909721067968,similarity_plus_hip_centering
49,avg_world_face_ref,1125,78750,0.1342493349820519,0.1235145277550461,0.2559694225117256,similarity_plus_hip_centering
51,avg_world_face_ref,1110,77700,0.1030285679357366,0.0948297817809739,0.1929123577747212,similarity_plus_hip_centering
52,avg_world_face_ref,1122,78540,0.1275612359257313,0.1226912023222186,0.2453732241529188,similarity_plus_hip_centering
60,avg_world_face_ref,1123,78610,0.1320077866929583,0.1074558138846791,0.313728605227728,similarity_plus_hip_centering
79,avg_world_face_ref,1115,78050,0.1003566673799502,0.0894992399847457,0.2173480730063575,similarity_plus_hip_centering
85,avg_world_face_ref,966,67620,0.0979963348579794,0.0923497471216682,0.1863481116735013,similarity_plus_hip_centering
10,root_face_stable,949,66430,0.1691023581842722,0.1428915905654639,0.3960310514872864,similarity_plus_hip_centering
100,root_face_stable,1112,77840,0.1124841586031055,0.1102297049706491,0.2121437420377409,similarity_plus_hip_centering
101,root_face_stable,977,68390,0.0979115275813697,0.0918869688474464,0.1711001512035939,similarity_plus_hip_centering
102,root_face_stable,1114,77980,0.1074792431155715,0.0998844868833073,0.2138308285747087,similarity_plus_hip_centering
103,root_face_stable,971,67970,0.1308081272120953,0.1138355438963333,0.3092261298523278,similarity_plus_hip_centering
104,root_face_stable,1083,75810,0.1004222678751736,0.097455875191106,0.1923598968122082,similarity_plus_hip_centering
105,root_face_stable,1278,89460,0.1145737813045869,0.0946312058890237,0.2620658525681545,similarity_plus_hip_centering
108,root_face_stable,1123,78610,0.1404550026421815,0.1195892693459706,0.3357396866801542,similarity_plus_hip_centering
109,root_face_stable,1145,80150,0.1421667277301725,0.1209800596425262,0.3178822918172688,similarity_plus_hip_centering
11,root_face_stable,1116,78120,0.1175247681911944,0.105353062258687,0.2287802308292993,similarity_plus_hip_centering
110,root_face_stable,1113,77910,0.1151421329652482,0.0990163491348362,0.2590386966283476,similarity_plus_hip_centering
111,root_face_stable,1106,77420,0.1289834328142711,0.1091856355310641,0.3064135643064566,similarity_plus_hip_centering
112,root_face_stable,1127,78890,0.1127731357276328,0.1098298130167525,0.1900561515123349,similarity_plus_hip_centering
113,root_face_stable,1123,78610,0.1014707639044584,0.0999990689987451,0.179995675744152,similarity_plus_hip_centering
114,root_face_stable,1431,100170,0.1187442468676862,0.1091968615357193,0.2475737676287759,similarity_plus_hip_centering
115,root_face_stable,1141,79870,0.1183114178861162,0.1027141657867042,0.2620055457563847,similarity_plus_hip_centering
119,root_face_stable,968,67760,0.137803503944128,0.1149635653160279,0.3494233442395768,similarity_plus_hip_centering
120,root_face_stable,957,66990,0.1536768018587078,0.131736169176443,0.3661793319499403,similarity_plus_hip_centering
121,root_face_stable,964,67480,0.1334456843359213,0.103260730000328,0.3387195783939004,similarity_plus_hip_centering
122,root_face_stable,1110,77700,0.1229720566102356,0.1161784525285595,0.2405885826342185,similarity_plus_hip_centering
124,root_face_stable,1100,77000,0.1231765057531534,0.1070750885727497,0.2611445087950239,similarity_plus_hip_centering
125,root_face_stable,955,66850,0.1384532277974365,0.1117019000614428,0.3524594269621218,similarity_plus_hip_centering
127,root_face_stable,957,66990,0.1381479691993419,0.1164761914109638,0.3460555220509759,similarity_plus_hip_centering
128,root_face_stable,967,67690,0.1808206586620412,0.1258608579994296,0.53581800407081,similarity_plus_hip_centering
129,root_face_stable,1107,77490,0.1497442797537797,0.1236117540314478,0.3655854472027977,similarity_plus_hip_centering
131,root_face_stable,1112,77840,0.1287229211101359,0.1128130463747781,0.3103488810391018,similarity_plus_hip_centering
132,root_face_stable,1114,77980,0.1072230938260473,0.0982414712545231,0.2350749791366843,similarity_plus_hip_centering
133,root_face_stable,1119,78330,0.149425643304135,0.1190258048534714,0.3817047628226513,similarity_plus_hip_centering
134,root_face_stable,1123,78610,0.1445385795307367,0.1169576034460641,0.3592831731750254,similarity_plus_hip_centering
138,root_face_stable,1120,78400,0.1355911706077873,0.1175993370102778,0.2647954465699255,similarity_plus_hip_centering
14,root_face_stable,946,66220,0.1034505982860242,0.0974023944778229,0.2152883511691002,similarity_plus_hip_centering
15,root_face_stable,1104,77280,0.1308080092645865,0.1189769904621445,0.2868228216340314,similarity_plus_hip_centering
16,root_face_stable,960,67200,0.149217066459376,0.1291381341078131,0.3794769009891093,similarity_plus_hip_centering
18,root_face_stable,1109,77630,0.1097816803218198,0.0974373055956145,0.2507965330787635,similarity_plus_hip_centering
19,root_face_stable,955,66850,0.1363791050834306,0.1273852211386297,0.2764868579498822,similarity_plus_hip_centering
2,root_face_stable,1114,77980,0.1218698476154334,0.1059662075862576,0.2740833246637315,similarity_plus_hip_centering
20,root_face_stable,1129,79030,0.1375861349228642,0.1295711375579309,0.2889720677156087,similarity_plus_hip_centering
21,root_face_stable,964,67480,0.1062873284346913,0.0974047720617491,0.2173608587238526,similarity_plus_hip_centering
22,root_face_stable,953,66710,0.1170618013668564,0.1087103150466832,0.2491123941046188,similarity_plus_hip_centering
25,root_face_stable,1128,78960,0.1228405485129493,0.100670169413228,0.3031859473815539,similarity_plus_hip_centering
26,root_face_stable,961,67270,0.1105793643080202,0.1100828657983315,0.1925608455748175,similarity_plus_hip_centering
28,root_face_stable,1124,78680,0.1371237229483205,0.1124280270264336,0.3292128987121129,similarity_plus_hip_centering
29,root_face_stable,1112,77840,0.1031236000668775,0.0957131582014606,0.1952045559714015,similarity_plus_hip_centering
3,root_face_stable,1119,78330,0.148494009228933,0.111096594971576,0.4201869605980561,similarity_plus_hip_centering
30,root_face_stable,1119,78330,0.1283994981673566,0.1122395013924783,0.2724565817921704,similarity_plus_hip_centering
33,root_face_stable,958,67060,0.1168986642402927,0.100539779420643,0.2820018731500062,similarity_plus_hip_centering
35,root_face_stable,1117,78190,0.1190513294837487,0.1033387721922032,0.2586440704014288,similarity_plus_hip_centering
39,root_face_stable,1028,71960,0.1223036600695839,0.1094156489439767,0.288636148005378,similarity_plus_hip_centering
4,root_face_stable,1145,80150,0.131374252749091,0.1112499104981117,0.3037627477895591,similarity_plus_hip_centering
40,root_face_stable,1128,78960,0.1388691587705448,0.1137535420330852,0.3444161912829975,similarity_plus_hip_centering
41,root_face_stable,1195,83650,0.1035008776621859,0.0924131360292001,0.2209722196712102,similarity_plus_hip_centering
42,root_face_stable,1115,78050,0.1293601510874077,0.1188960867567845,0.2549336841593643,similarity_plus_hip_centering
43,root_face_stable,1123,78610,0.153254178166359,0.1316295510913147,0.3599011445200037,similarity_plus_hip_centering
44,root_face_stable,1133,79310,0.1173116881104728,0.1102249343956552,0.2302404624973885,similarity_plus_hip_centering
46,root_face_stable,1116,78120,0.1303247275757385,0.1279198170690016,0.2462544830373385,similarity_plus_hip_centering
47,root_face_stable,1118,78260,0.1068653182831085,0.0967755935009223,0.2199334153773052,similarity_plus_hip_centering
5,root_face_stable,1110,77700,0.1203584227161095,0.1105801696429091,0.2472889111419297,similarity_plus_hip_centering
53,root_face_stable,961,67270,0.1188828604264237,0.1101428502226581,0.2249298445026406,similarity_plus_hip_centering
54,root_face_stable,1119,78330,0.115824842987148,0.1047401293268367,0.2587918354812654,similarity_plus_hip_centering
55,root_face_stable,1116,78120,0.1199960888165131,0.1135410245922376,0.211323263414199,similarity_plus_hip_centering
56,root_face_stable,1094,76580,0.1224455931593442,0.1187892149940563,0.2205417040231749,similarity_plus_hip_centering
58,root_face_stable,1112,77840,0.1342265335598697,0.1126585231102437,0.3074428919627731,similarity_plus_hip_centering
59,root_face_stable,1075,75250,0.1083301576476235,0.0907395479141408,0.2454746339733938,similarity_plus_hip_centering
6,root_face_stable,1113,77910,0.1468416283287648,0.1231670618724548,0.3946749341535687,similarity_plus_hip_centering
61,root_face_stable,948,66360,0.1681408681793315,0.1433557158869159,0.4144122684083362,similarity_plus_hip_centering
62,root_face_stable,946,66220,0.1389346310756171,0.1251883350003957,0.3120397066568963,similarity_plus_hip_centering
63,root_face_stable,1114,77980,0.1494633626307888,0.1289643212059235,0.3513770259087715,similarity_plus_hip_centering
64,root_face_stable,1121,78470,0.1347939694833853,0.1197882148941992,0.3116737144490263,similarity_plus_hip_centering
65,root_face_stable,1124,78680,0.1214176477090433,0.106964238095716,0.2696447202600491,similarity_plus_hip_centering
66,root_face_stable,965,67550,0.1486092439380478,0.1219663254957179,0.3569443268869781,similarity_plus_hip_centering
67,root_face_stable,1115,78050,0.11179647535267,0.0956812357229301,0.2687384905596625,similarity_plus_hip_centering
68,root_face_stable,967,67690,0.0884172595931655,0.0762864474475774,0.1904805206870546,similarity_plus_hip_centering
69,root_face_stable,961,67270,0.1199314667209927,0.1124503850563897,0.2434110161770166,similarity_plus_hip_centering
7,root_face_stable,954,66780,0.1535043686874189,0.1301791708375798,0.3548679408425181,similarity_plus_hip_centering
70,root_face_stable,1128,78960,0.1212622202040079,0.1122641417214158,0.2513605431928963,similarity_plus_hip_centering
72,root_face_stable,1112,77840,0.1065410754200443,0.0978589577339605,0.2129258458320323,similarity_plus_hip_centering
74,root_face_stable,1126,78820,0.1330693398158471,0.119701843567129,0.2831139244692196,similarity_plus_hip_centering
75,root_face_stable,1117,78190,0.119653858789258,0.1135824185844261,0.235549908439683,similarity_plus_hip_centering
76,root_face_stable,1060,74200,0.1207616620899155,0.1119966217895115,0.2345586456318482,similarity_plus_hip_centering
77,root_face_stable,1119,78330,0.1018588695440375,0.0957485743341984,0.2174294575354191,similarity_plus_hip_centering
78,root_face_stable,957,66990,0.1050605119824364,0.0931192737904289,0.2232257814133025,similarity_plus_hip_centering
8,root_face_stable,1136,79520,0.1168522209910607,0.1121319868077959,0.2005921658219389,similarity_plus_hip_centering
80,root_face_stable,1102,77140,0.1127431262691701,0.1003873770792226,0.2398543674288297,similarity_plus_hip_centering
81,root_face_stable,1118,78260,0.1419748339851655,0.1225648003061754,0.3080674913368827,similarity_plus_hip_centering
82,root_face_stable,1111,77770,0.1154242491803176,0.1087809905402287,0.2366403485646833,similarity_plus_hip_centering
83,root_face_stable,1119,78330,0.131747170745466,0.1110193361197764,0.3156785001443517,similarity_plus_hip_centering
87,root_face_stable,1168,81760,0.095470178314419,0.0860669658188683,0.1980132985329766,similarity_plus_hip_centering
9,root_face_stable,1114,77980,0.1201173917972016,0.1072400427669027,0.255387380398818,similarity_plus_hip_centering
90,root_face_stable,959,67130,0.1240683971185901,0.1168892068804095,0.2533132830428146,similarity_plus_hip_centering
91,root_face_stable,1113,77910,0.0963655030686577,0.0882708929165396,0.191876299038966,similarity_plus_hip_centering
92,root_face_stable,1119,78330,0.1191209183596984,0.1053374565256215,0.2662345874793685,similarity_plus_hip_centering
93,root_face_stable,1111,77770,0.1578417608245209,0.1323423276307669,0.3844100169209051,similarity_plus_hip_centering
94,root_face_stable,1123,78610,0.1178721024180061,0.1058237223528609,0.2473659034459409,similarity_plus_hip_centering
95,root_face_stable,1109,77630,0.1063245993346003,0.0970221456135821,0.1998085187806335,similarity_plus_hip_centering
97,root_face_stable,1107,77490,0.0956596670492388,0.0924578478098649,0.1746986069163852,similarity_plus_hip_centering
99,root_face_stable,1111,77770,0.0962842926688338,0.0853686353839018,0.1924205652445821,similarity_plus_hip_centering
107,root_face_stable,946,66220,0.1067303190280627,0.0965232741890542,0.228194821315542,similarity_plus_hip_centering
118,root_face_stable,1114,77980,0.0972968198509617,0.0830424915114018,0.2127501438014727,similarity_plus_hip_centering
12,root_face_stable,955,66850,0.132089511557127,0.1263197327071487,0.2506019545695399,similarity_plus_hip_centering
123,root_face_stable,1114,77980,0.1546930604203057,0.1157375954523559,0.4055874785080141,similarity_plus_hip_centering
126,root_face_stable,1130,79100,0.1495133165611433,0.1100345628591988,0.4157496967357296,similarity_plus_hip_centering
13,root_face_stable,967,67690,0.1553683008577479,0.1397352319449309,0.3698977825614375,similarity_plus_hip_centering
137,root_face_stable,1112,77840,0.104698309714852,0.0983980277391502,0.2064850578524397,similarity_plus_hip_centering
17,root_face_stable,1042,72940,0.1294106983134735,0.1197987461464754,0.2499253373205877,similarity_plus_hip_centering
23,root_face_stable,960,67200,0.1292900378351674,0.1221553471185428,0.259979076551764,similarity_plus_hip_centering
27,root_face_stable,1132,79240,0.1103918452831884,0.0927560734730661,0.2518353666261041,similarity_plus_hip_centering
31,root_face_stable,958,67060,0.1296488565776944,0.1090738175675611,0.315350585841895,similarity_plus_hip_centering
32,root_face_stable,954,66780,0.1396500444718989,0.1230775665723804,0.3200481067895866,similarity_plus_hip_centering
34,root_face_stable,960,67200,0.145776905465731,0.1333740298092026,0.3236721641913709,similarity_plus_hip_centering
37,root_face_stable,943,66010,0.1063238748797774,0.0990306967674961,0.1899679665890601,similarity_plus_hip_centering
38,root_face_stable,952,66640,0.134604024663943,0.1233693114119437,0.2874490689044238,similarity_plus_hip_centering
45,root_face_stable,1123,78610,0.1034981548804257,0.0957237680241165,0.2079349046002996,similarity_plus_hip_centering
48,root_face_stable,1090,76300,0.1057559725458869,0.0983353818328416,0.2152749874451982,similarity_plus_hip_centering
50,root_face_stable,1120,78400,0.1225672083353337,0.1165320131269277,0.2490674155888742,similarity_plus_hip_centering
57,root_face_stable,1227,85890,0.1302795821622856,0.1111597762354433,0.278018340384068,similarity_plus_hip_centering
71,root_face_stable,1120,78400,0.1286413282405764,0.1160568674524417,0.2642210050297963,similarity_plus_hip_centering
73,root_face_stable,1113,77910,0.1086005653307241,0.0969827268181479,0.2333598389177109,similarity_plus_hip_centering
84,root_face_stable,1108,77560,0.0950202273792591,0.0904820655612709,0.1840009140033712,similarity_plus_hip_centering
86,root_face_stable,1115,78050,0.0848203613542425,0.0813312611243909,0.1580154175659823,similarity_plus_hip_centering
88,root_face_stable,962,67340,0.1461510210771784,0.1304566895894739,0.307320125803864,similarity_plus_hip_centering
89,root_face_stable,1108,77560,0.1254067510515192,0.1070241381819943,0.2745231017145136,similarity_plus_hip_centering
96,root_face_stable,1110,77700,0.1065439138260872,0.0971241663653379,0.2189937329594831,similarity_plus_hip_centering
98,root_face_stable,1122,78540,0.1126961112311997,0.1072178462134021,0.2148435980535639,similarity_plus_hip_centering
1,root_face_stable,955,66850,0.1192607279432316,0.1078499776469285,0.2399420932987952,similarity_plus_hip_centering
106,root_face_stable,1121,78470,0.1242147700267549,0.1002897146508568,0.2988596362149199,similarity_plus_hip_centering
116,root_face_stable,1153,80710,0.1254741250484086,0.1106243602303276,0.2669253443205302,similarity_plus_hip_centering
117,root_face_stable,1114,77980,0.0986029068982079,0.08129374561494,0.2312077958110951,similarity_plus_hip_centering
130,root_face_stable,1117,78190,0.1452745292221862,0.1219195088081083,0.364003784135617,similarity_plus_hip_centering
136,root_face_stable,949,66430,0.1412790417329806,0.1226240472667706,0.2943653970084575,similarity_plus_hip_centering
24,root_face_stable,949,66430,0.110309125676212,0.0983112176421413,0.2584541823690029,similarity_plus_hip_centering
36,root_face_stable,1112,77840,0.1109296160011781,0.1005521432112527,0.2231344910264387,similarity_plus_hip_centering
49,root_face_stable,1125,78750,0.1342552450236295,0.1235602049166548,0.2559547378446401,similarity_plus_hip_centering
51,root_face_stable,1110,77700,0.1030329921961563,0.0948717937293318,0.192895257417116,similarity_plus_hip_centering
52,root_face_stable,1122,78540,0.1275617466010837,0.1226081087701969,0.2452678989941261,similarity_plus_hip_centering
60,root_face_stable,1123,78610,0.1319698244877956,0.107334352122352,0.313770656319953,similarity_plus_hip_centering
79,root_face_stable,1115,78050,0.1003398912974357,0.0894699191440382,0.2175056181262356,similarity_plus_hip_centering
85,root_face_stable,966,67620,0.0980099648793311,0.0923457442302466,0.1863105935943828,similarity_plus_hip_centering
10,sim3_face_all,949,66430,0.0892908554784315,0.070324537696222,0.2371832384767643,similarity_plus_hip_centering
100,sim3_face_all,1112,77840,0.055382326134271,0.046078359247739,0.1307481974454459,similarity_plus_hip_centering
101,sim3_face_all,977,68390,0.0428913032607674,0.0391155952791225,0.0922355514145277,similarity_plus_hip_centering
102,sim3_face_all,1114,77980,0.0507501234416961,0.0430717102660274,0.1173008053043877,similarity_plus_hip_centering
103,sim3_face_all,971,67970,0.0761743281191821,0.0624993690323233,0.1828150886771093,similarity_plus_hip_centering
104,sim3_face_all,1083,75810,0.0523081161173615,0.0483504744329369,0.1054673842158345,similarity_plus_hip_centering
105,sim3_face_all,1278,89460,0.0631069664565085,0.0506360820160301,0.1531656231681912,similarity_plus_hip_centering
108,sim3_face_all,1123,78610,0.081187744592643,0.066818996054485,0.1951167489831315,similarity_plus_hip_centering
109,sim3_face_all,1145,80150,0.0953995003577658,0.0864116236400156,0.1978084854078549,similarity_plus_hip_centering
11,sim3_face_all,1116,78120,0.0637596059866756,0.0562966270796185,0.1341875705856801,similarity_plus_hip_centering
110,sim3_face_all,1113,77910,0.0657037016610558,0.0536138710526246,0.1634026111121115,similarity_plus_hip_centering
111,sim3_face_all,1106,77420,0.0826493201507493,0.0710102304619134,0.1911809277471992,similarity_plus_hip_centering
112,sim3_face_all,1127,78890,0.066944470412275,0.0591118881087486,0.1512925000322273,similarity_plus_hip_centering
113,sim3_face_all,1123,78610,0.0556372408618781,0.0477498694148305,0.1279910815692257,similarity_plus_hip_centering
114,sim3_face_all,1431,100170,0.0687649928826981,0.058657045381193,0.1629984622166128,similarity_plus_hip_centering
115,sim3_face_all,1141,79870,0.0641560159868737,0.0503572687286138,0.1597650479239225,similarity_plus_hip_centering
119,sim3_face_all,968,67760,0.080077235497217,0.0657659050427558,0.1911896998061044,similarity_plus_hip_centering
120,sim3_face_all,957,66990,0.1059722814764378,0.0838437595862763,0.254081560811969,similarity_plus_hip_centering
121,sim3_face_all,964,67480,0.1235504035053782,0.0950743788722759,0.3068246170716473,similarity_plus_hip_centering
122,sim3_face_all,1110,77700,0.0817282574054373,0.0708487591486373,0.1759914494673441,similarity_plus_hip_centering
124,sim3_face_all,1100,77000,0.0710607087196032,0.0506425536124594,0.1997702962190335,similarity_plus_hip_centering
125,sim3_face_all,955,66850,0.1039806984588859,0.0829776908629219,0.2584115805721935,similarity_plus_hip_centering
127,sim3_face_all,957,66990,0.0874975038304196,0.0689976677463622,0.2171181880319471,similarity_plus_hip_centering
128,sim3_face_all,967,67690,0.1586233894659207,0.1120964381251304,0.4460509928692321,similarity_plus_hip_centering
129,sim3_face_all,1107,77490,0.0931840100367486,0.0761934477959577,0.2265495891914028,similarity_plus_hip_centering
131,sim3_face_all,1112,77840,0.0770316939370902,0.0644021535761286,0.1898750983757589,similarity_plus_hip_centering
132,sim3_face_all,1114,77980,0.079886449569559,0.0657079741034196,0.1897332514006247,similarity_plus_hip_centering
133,sim3_face_all,1119,78330,0.0883697955726673,0.0690283297633089,0.2280720323068544,similarity_plus_hip_centering
134,sim3_face_all,1123,78610,0.0955058799659238,0.0773147388379848,0.2394746258980667,similarity_plus_hip_centering
138,sim3_face_all,1120,78400,0.0647087864438529,0.0555098702665555,0.1444728046034449,similarity_plus_hip_centering
14,sim3_face_all,946,66220,0.0508417471209544,0.0415402055716459,0.1188489748966592,similarity_plus_hip_centering
15,sim3_face_all,1104,77280,0.0671177327632982,0.0565514967523302,0.1565090849905746,similarity_plus_hip_centering
16,sim3_face_all,960,67200,0.0803624453504254,0.066783382412429,0.2086908664956362,similarity_plus_hip_centering
18,sim3_face_all,1109,77630,0.0539605952516075,0.0460333435950038,0.1149261147472198,similarity_plus_hip_centering
19,sim3_face_all,955,66850,0.0717187485021245,0.0610469182014134,0.1598834296126656,similarity_plus_hip_centering
2,sim3_face_all,1114,77980,0.0677045556906336,0.0543649791812122,0.1649140491572627,similarity_plus_hip_centering
20,sim3_face_all,1129,79030,0.0738061147575927,0.0626509592769437,0.1717769906625754,similarity_plus_hip_centering
21,sim3_face_all,964,67480,0.0657938388572614,0.0535214663009634,0.1591940136576823,similarity_plus_hip_centering
22,sim3_face_all,953,66710,0.0679078714285848,0.0503513870073314,0.1807842928704964,similarity_plus_hip_centering
25,sim3_face_all,1128,78960,0.0800638805035735,0.0657746108564716,0.2055014075279979,similarity_plus_hip_centering
26,sim3_face_all,961,67270,0.0619358166910461,0.0545052079001654,0.1321233745902926,similarity_plus_hip_centering
28,sim3_face_all,1124,78680,0.072748657621499,0.0598389236599527,0.1680042863361921,similarity_plus_hip_centering
29,sim3_face_all,1112,77840,0.0508592373906379,0.043082503965328,0.1191557121759848,similarity_plus_hip_centering
3,sim3_face_all,1119,78330,0.1188616880497493,0.0932287380349786,0.3047454122020673,similarity_plus_hip_centering
30,sim3_face_all,1119,78330,0.0767309819162065,0.063712818771876,0.1835466527136766,similarity_plus_hip_centering
33,sim3_face_all,958,67060,0.0712683211876583,0.0587186321782658,0.169429261757094,similarity_plus_hip_centering
35,sim3_face_all,1117,78190,0.0649842530258072,0.0540865393620295,0.1516478321969634,similarity_plus_hip_centering
39,sim3_face_all,1028,71960,0.0594933674520587,0.045456649709722,0.151882800481872,similarity_plus_hip_centering
4,sim3_face_all,1145,80150,0.073676733341659,0.0588386159088896,0.1842138582962682,similarity_plus_hip_centering
40,sim3_face_all,1128,78960,0.0816132462500098,0.0672453978128182,0.2210138784645952,similarity_plus_hip_centering
41,sim3_face_all,1195,83650,0.0479578008038794,0.0385650729630087,0.1181470079372592,similarity_plus_hip_centering
42,sim3_face_all,1115,78050,0.0537822916731111,0.0441086944647357,0.1403220710643169,similarity_plus_hip_centering
43,sim3_face_all,1123,78610,0.0857495660111198,0.0670659074328839,0.232376184414934,similarity_plus_hip_centering
44,sim3_face_all,1133,79310,0.0624883027777099,0.0516400534275314,0.1487949770673221,similarity_plus_hip_centering
46,sim3_face_all,1116,78120,0.0648142556375574,0.0519562857752292,0.1556065183448271,similarity_plus_hip_centering
47,sim3_face_all,1118,78260,0.0565220456332424,0.0505985790223076,0.1170285573857734,similarity_plus_hip_centering
5,sim3_face_all,1110,77700,0.0578871316592237,0.0475194832521516,0.1338757257356319,similarity_plus_hip_centering
53,sim3_face_all,961,67270,0.0627100693562598,0.0478436267444183,0.1660347976966212,similarity_plus_hip_centering
54,sim3_face_all,1119,78330,0.0593493029436836,0.051877589034229,0.1336904082050811,similarity_plus_hip_centering
55,sim3_face_all,1116,78120,0.0571354378406769,0.0486116622748189,0.1256073171621187,similarity_plus_hip_centering
56,sim3_face_all,1094,76580,0.0699455603236915,0.0615942545393427,0.1462409092440213,similarity_plus_hip_centering
58,sim3_face_all,1112,77840,0.07082776325212,0.0566123966137898,0.174458971917755,similarity_plus_hip_centering
59,sim3_face_all,1075,75250,0.0657113610079514,0.0562802898800822,0.1433544993130875,similarity_plus_hip_centering
6,sim3_face_all,1113,77910,0.0793822201997996,0.0624243836653017,0.2176620113382331,similarity_plus_hip_centering
61,sim3_face_all,948,66360,0.0947213229261673,0.079355398265128,0.2452698218775456,similarity_plus_hip_centering
62,sim3_face_all,946,66220,0.0907867876751631,0.0744410161682898,0.2263555941780933,similarity_plus_hip_centering
63,sim3_face_all,1114,77980,0.0877312838198932,0.0726471627772785,0.2186320702170907,similarity_plus_hip_centering
64,sim3_face_all,1121,78470,0.0849739500972415,0.0752243714258425,0.1970514688581623,similarity_plus_hip_centering
65,sim3_face_all,1124,78680,0.0681726030026916,0.0582816047723801,0.1549406765221926,similarity_plus_hip_centering
66,sim3_face_all,965,67550,0.1003645624242739,0.0877915999235806,0.2228967576318902,similarity_plus_hip_centering
67,sim3_face_all,1115,78050,0.0655152901205174,0.0551513304522451,0.15248385042657,similarity_plus_hip_centering
68,sim3_face_all,967,67690,0.0461964758207806,0.0404875475113523,0.1015023940744441,similarity_plus_hip_centering
69,sim3_face_all,961,67270,0.0636781472508305,0.0492670692678113,0.1640622487719824,similarity_plus_hip_centering
7,sim3_face_all,954,66780,0.0901518616610836,0.0651090982371876,0.230453301291537,similarity_plus_hip_centering
70,sim3_face_all,1128,78960,0.0609407249758186,0.0525688523191245,0.1422422033859614,similarity_plus_hip_centering
72,sim3_face_all,1112,77840,0.055169296856475,0.0480294960861201,0.1222157162267857,similarity_plus_hip_centering
74,sim3_face_all,1126,78820,0.0692203831783869,0.0600450760101392,0.1543936742164764,similarity_plus_hip_centering
75,sim3_face_all,1117,78190,0.0580550905466354,0.0459783293909786,0.1511908761245778,similarity_plus_hip_centering
76,sim3_face_all,1060,74200,0.0580318835804058,0.044062937662834,0.1526398753679043,similarity_plus_hip_centering
77,sim3_face_all,1119,78330,0.0503092948048992,0.0407464966351255,0.1222150881829328,similarity_plus_hip_centering
78,sim3_face_all,957,66990,0.0543252353422443,0.0458368802995111,0.136419043994508,similarity_plus_hip_centering
8,sim3_face_all,1136,79520,0.0603552074111547,0.0520016819217919,0.1303807757538216,similarity_plus_hip_centering
80,sim3_face_all,1102,77140,0.0655616736299262,0.0520978774230559,0.1602985396003731,similarity_plus_hip_centering
81,sim3_face_all,1118,78260,0.0756704333207498,0.0637170809926233,0.1810517693326382,similarity_plus_hip_centering
82,sim3_face_all,1111,77770,0.0582455467215485,0.0489447603339493,0.138795381742731,similarity_plus_hip_centering
83,sim3_face_all,1119,78330,0.0699236279745156,0.0550531059294848,0.1825075376734044,similarity_plus_hip_centering
87,sim3_face_all,1168,81760,0.057045775582937,0.0482218421747886,0.1281239350578938,similarity_plus_hip_centering
9,sim3_face_all,1114,77980,0.0594116124150972,0.0480892390910388,0.142731490339357,similarity_plus_hip_centering
90,sim3_face_all,959,67130,0.0644542524592419,0.0543713168722671,0.1491497241560488,similarity_plus_hip_centering
91,sim3_face_all,1113,77910,0.0440376418117986,0.039708825292445,0.0964364914093691,similarity_plus_hip_centering
92,sim3_face_all,1119,78330,0.0596678392134504,0.0516021921109393,0.1358108492088403,similarity_plus_hip_centering
93,sim3_face_all,1111,77770,0.0987920943390469,0.0863787127371086,0.2208785220161522,similarity_plus_hip_centering
94,sim3_face_all,1123,78610,0.0597480241082107,0.0525090906521504,0.1370301863973368,similarity_plus_hip_centering
95,sim3_face_all,1109,77630,0.0463693296061516,0.0389647793362644,0.1069731218289726,similarity_plus_hip_centering
97,sim3_face_all,1107,77490,0.0423092003481889,0.0376943064327244,0.0916384955932291,similarity_plus_hip_centering
99,sim3_face_all,1111,77770,0.0413925163624025,0.0360144960255669,0.0939528091204113,similarity_plus_hip_centering
107,sim3_face_all,946,66220,0.0582637441793472,0.0435607933040572,0.1612190249001097,similarity_plus_hip_centering
118,sim3_face_all,1114,77980,0.0603441883765106,0.0542776314699011,0.1283833722820193,similarity_plus_hip_centering
12,sim3_face_all,955,66850,0.0663173756779088,0.0502160048352819,0.1828099038215322,similarity_plus_hip_centering
123,sim3_face_all,1114,77980,0.0996483064732302,0.0810346254378351,0.2478947622545779,similarity_plus_hip_centering
126,sim3_face_all,1130,79100,0.1336059581778342,0.0969439837083942,0.3566482261950112,similarity_plus_hip_centering
13,sim3_face_all,967,67690,0.0768731072997926,0.0640787689099251,0.1979397753631819,similarity_plus_hip_centering
137,sim3_face_all,1112,77840,0.0529268636330204,0.0462001100245266,0.1168956106902684,similarity_plus_hip_centering
17,sim3_face_all,1042,72940,0.0594901786458679,0.050274039626275,0.1425317397637952,similarity_plus_hip_centering
23,sim3_face_all,960,67200,0.0834150483833116,0.0665642275339089,0.2105522295848095,similarity_plus_hip_centering
27,sim3_face_all,1132,79240,0.0561160148510521,0.0478589173940413,0.1355754183502075,similarity_plus_hip_centering
31,sim3_face_all,958,67060,0.0657804869482541,0.0511785115762395,0.1689180686399367,similarity_plus_hip_centering
32,sim3_face_all,954,66780,0.0712024058683468,0.0581353713462094,0.1797042190396715,similarity_plus_hip_centering
34,sim3_face_all,960,67200,0.0774927345181216,0.0661235626804837,0.1846467259249586,similarity_plus_hip_centering
37,sim3_face_all,943,66010,0.0656131077389618,0.0534589147972021,0.1396928893879039,similarity_plus_hip_centering
38,sim3_face_all,952,66640,0.0688816183521469,0.0543309165307764,0.1674676976769125,similarity_plus_hip_centering
45,sim3_face_all,1123,78610,0.0544593416628505,0.0451854484784741,0.1289979063844175,similarity_plus_hip_centering
48,sim3_face_all,1090,76300,0.0505392985074948,0.0427857058846503,0.1154619500936265,similarity_plus_hip_centering
50,sim3_face_all,1120,78400,0.0751011484891644,0.062961076892487,0.1823999318661908,similarity_plus_hip_centering
57,sim3_face_all,1227,85890,0.0732906824880356,0.0643856194300778,0.1621549316161083,similarity_plus_hip_centering
71,sim3_face_all,1120,78400,0.0656570574019035,0.0569857900842603,0.1479399466056142,similarity_plus_hip_centering
73,sim3_face_all,1113,77910,0.0553420051632967,0.049097372129347,0.1174979906685451,similarity_plus_hip_centering
84,sim3_face_all,1108,77560,0.049993300261308,0.0440092624344858,0.1073728145372961,similarity_plus_hip_centering
86,sim3_face_all,1115,78050,0.0411860264341976,0.036874935016834,0.0897889443558504,similarity_plus_hip_centering
88,sim3_face_all,962,67340,0.0899047643401575,0.0812267956514127,0.1801821486372669,similarity_plus_hip_centering
89,sim3_face_all,1108,77560,0.063081296705115,0.0512210038218781,0.1606074342888385,similarity_plus_hip_centering
96,sim3_face_all,1110,77700,0.0501458294770749,0.0461029782550785,0.1004343808496717,similarity_plus_hip_centering
98,sim3_face_all,1122,78540,0.0511019247323296,0.0435497711708993,0.1144665716149766,similarity_plus_hip_centering
1,sim3_face_all,955,66850,0.0623620829098642,0.0532100941116849,0.1468412685251993,similarity_plus_hip_centering
106,sim3_face_all,1121,78470,0.0791634466695003,0.0662329945528203,0.1912478980777228,similarity_plus_hip_centering
116,sim3_face_all,1153,80710,0.0651057486503671,0.0535740252793898,0.1559385107848565,similarity_plus_hip_centering
117,sim3_face_all,1114,77980,0.0655373962072527,0.0535316664443079,0.1597071612588458,similarity_plus_hip_centering
130,sim3_face_all,1117,78190,0.082941428351631,0.0660370509863747,0.2172420005977906,similarity_plus_hip_centering
136,sim3_face_all,949,66430,0.0733179541902592,0.0637503171996222,0.1638590732813448,similarity_plus_hip_centering
24,sim3_face_all,949,66430,0.0660322361463811,0.0554880888127764,0.1580379720944552,similarity_plus_hip_centering
36,sim3_face_all,1112,77840,0.0549847752462218,0.0471101702235783,0.1342412248996653,similarity_plus_hip_centering
49,sim3_face_all,1125,78750,0.060475630709767,0.0520904065036337,0.1378207062695252,similarity_plus_hip_centering
51,sim3_face_all,1110,77700,0.0552764148635076,0.0473853146535926,0.1195967447295529,similarity_plus_hip_centering
52,sim3_face_all,1122,78540,0.0569192519868309,0.0462903293497551,0.1380948990494152,similarity_plus_hip_centering
60,sim3_face_all,1123,78610,0.0711688735283695,0.0550703457931419,0.1784099867444812,similarity_plus_hip_centering
79,sim3_face_all,1115,78050,0.049905314786194,0.0430435827955938,0.1167407504151804,similarity_plus_hip_centering
85,sim3_face_all,966,67620,0.0451533332282394,0.037257366784728,0.1059417798060175,similarity_plus_hip_centering
10,sim3_face_stable,949,66430,0.0855874512965363,0.0652078744373679,0.2214974688184484,similarity_plus_hip_centering
100,sim3_face_stable,1112,77840,0.0534060083853406,0.0443117827443934,0.1192666092223267,similarity_plus_hip_centering
101,sim3_face_stable,977,68390,0.0445143000276009,0.0426814851701755,0.0929305421173758,similarity_plus_hip_centering
102,sim3_face_stable,1114,77980,0.0496139584169617,0.0428965021244461,0.1104219122733494,similarity_plus_hip_centering
103,sim3_face_stable,971,67970,0.0707881709973004,0.0598208285238006,0.1737781818853563,similarity_plus_hip_centering
104,sim3_face_stable,1083,75810,0.0514346095819363,0.0452361026824947,0.1068222953761958,similarity_plus_hip_centering
105,sim3_face_stable,1278,89460,0.0654841777882784,0.0540218892873961,0.1570332764351251,similarity_plus_hip_centering
108,sim3_face_stable,1123,78610,0.0747224848982768,0.0619728782136011,0.183634786320438,similarity_plus_hip_centering
109,sim3_face_stable,1145,80150,0.0945933085727905,0.0823465062990724,0.2025982007998222,similarity_plus_hip_centering
11,sim3_face_stable,1116,78120,0.0630922819454065,0.0572968363198505,0.1301041353591372,similarity_plus_hip_centering
110,sim3_face_stable,1113,77910,0.0599162303374252,0.0505330627800904,0.1452715333954509,similarity_plus_hip_centering
111,sim3_face_stable,1106,77420,0.0807510020703302,0.0667190543274357,0.1855993119059876,similarity_plus_hip_centering
112,sim3_face_stable,1127,78890,0.059454706026722,0.052776854053841,0.1334470755846198,similarity_plus_hip_centering
113,sim3_face_stable,1123,78610,0.0504990918149381,0.0440107063408169,0.1185968824858541,similarity_plus_hip_centering
114,sim3_face_stable,1431,100170,0.0623969181458411,0.054545921118138,0.1422381198513966,similarity_plus_hip_centering
115,sim3_face_stable,1141,79870,0.0642055918070537,0.0510825277950395,0.1548372689018081,similarity_plus_hip_centering
119,sim3_face_stable,968,67760,0.0754749305152181,0.0610062545529355,0.1776884320248085,similarity_plus_hip_centering
120,sim3_face_stable,957,66990,0.0916340260883886,0.0731053371517384,0.2171860804635532,similarity_plus_hip_centering
121,sim3_face_stable,964,67480,0.1001068564306773,0.0812777747964303,0.2406026649061605,similarity_plus_hip_centering
122,sim3_face_stable,1110,77700,0.0728368428542054,0.0606298524043501,0.1598942463704341,similarity_plus_hip_centering
124,sim3_face_stable,1100,77000,0.0635444582528469,0.0460461084239207,0.1693639287426686,similarity_plus_hip_centering
125,sim3_face_stable,955,66850,0.0884892934270911,0.0729055701281318,0.2071745535666304,similarity_plus_hip_centering
127,sim3_face_stable,957,66990,0.0748175659134389,0.0574831774630435,0.1879179844109068,similarity_plus_hip_centering
128,sim3_face_stable,967,67690,0.1266585774762722,0.0870557031201303,0.3455344399732785,similarity_plus_hip_centering
129,sim3_face_stable,1107,77490,0.0842220553718023,0.0687706325766243,0.1925575693223392,similarity_plus_hip_centering
131,sim3_face_stable,1112,77840,0.0698405691516473,0.0578158736529837,0.1664364890769139,similarity_plus_hip_centering
132,sim3_face_stable,1114,77980,0.074878863454303,0.065634506486632,0.1715780065980307,similarity_plus_hip_centering
133,sim3_face_stable,1119,78330,0.0845130899195058,0.0666541100533388,0.2201131491595024,similarity_plus_hip_centering
134,sim3_face_stable,1123,78610,0.0844938401023752,0.0695929964219876,0.1965824368716164,similarity_plus_hip_centering
138,sim3_face_stable,1120,78400,0.0678615100681761,0.0575024455410202,0.1492227298650009,similarity_plus_hip_centering
14,sim3_face_stable,946,66220,0.0547242006103822,0.0452984582598808,0.1281041383325111,similarity_plus_hip_centering
15,sim3_face_stable,1104,77280,0.0609490488508072,0.0515339236702946,0.1469606620418528,similarity_plus_hip_centering
16,sim3_face_stable,960,67200,0.0802298039251512,0.0674505207324457,0.2018239464612404,similarity_plus_hip_centering
18,sim3_face_stable,1109,77630,0.0580806733291793,0.049779653895875,0.1322835289666482,similarity_plus_hip_centering
19,sim3_face_stable,955,66850,0.0696552987706848,0.0612615603728041,0.1505269896339471,similarity_plus_hip_centering
2,sim3_face_stable,1114,77980,0.0633897788487484,0.0533381178470557,0.1560664956497571,similarity_plus_hip_centering
20,sim3_face_stable,1129,79030,0.0714483275765693,0.0628233580562915,0.1533392294474826,similarity_plus_hip_centering
21,sim3_face_stable,964,67480,0.0646089788628154,0.0542424597062433,0.143147171285508,similarity_plus_hip_centering
22,sim3_face_stable,953,66710,0.0666936452913774,0.0517350899588651,0.167706179853538,similarity_plus_hip_centering
25,sim3_face_stable,1128,78960,0.0765177814531267,0.0619263939471837,0.194229041126894,similarity_plus_hip_centering
26,sim3_face_stable,961,67270,0.0584232784483312,0.0503690203591141,0.1311354642048365,similarity_plus_hip_centering
28,sim3_face_stable,1124,78680,0.0701962109358225,0.0593656313536463,0.1679056722559319,similarity_plus_hip_centering
29,sim3_face_stable,1112,77840,0.0533012146694828,0.046093376717832,0.1162068253506436,similarity_plus_hip_centering
3,sim3_face_stable,1119,78330,0.1008222853379855,0.0881116369765746,0.2294732035047269,similarity_plus_hip_centering
30,sim3_face_stable,1119,78330,0.072220635084017,0.0602654671005104,0.1654605607743518,similarity_plus_hip_centering
33,sim3_face_stable,958,67060,0.0664179072913493,0.0541338472065772,0.1550952561695222,similarity_plus_hip_centering
35,sim3_face_stable,1117,78190,0.0653713821747375,0.0592219173153125,0.1309733679937817,similarity_plus_hip_centering
39,sim3_face_stable,1028,71960,0.0560212467328329,0.0434076201504025,0.1418031162822531,similarity_plus_hip_centering
4,sim3_face_stable,1145,80150,0.0716363140876562,0.0591308103973005,0.1729488435729812,similarity_plus_hip_centering
40,sim3_face_stable,1128,78960,0.0797093792278527,0.0656998919358343,0.2025277884955003,similarity_plus_hip_centering
41,sim3_face_stable,1195,83650,0.0473387835718256,0.0381857339195198,0.1255784745873739,similarity_plus_hip_centering
42,sim3_face_stable,1115,78050,0.0579592652123205,0.0478630170355128,0.1468679792821104,similarity_plus_hip_centering
43,sim3_face_stable,1123,78610,0.081046862374268,0.065990093424944,0.2009749205564512,similarity_plus_hip_centering
44,sim3_face_stable,1133,79310,0.0645825098938366,0.0527884382053527,0.1551913755848954,similarity_plus_hip_centering
46,sim3_face_stable,1116,78120,0.0641309701463863,0.0565019636118205,0.1303981832634744,similarity_plus_hip_centering
47,sim3_face_stable,1118,78260,0.055716405988706,0.0509741824514515,0.1121569236722275,similarity_plus_hip_centering
5,sim3_face_stable,1110,77700,0.0553516513092611,0.0462335306970613,0.1325827474742209,similarity_plus_hip_centering
53,sim3_face_stable,961,67270,0.0572354186521844,0.0451374260858038,0.1510833899065208,similarity_plus_hip_centering
54,sim3_face_stable,1119,78330,0.0603946702118535,0.0508654245656726,0.1410360106321536,similarity_plus_hip_centering
55,sim3_face_stable,1116,78120,0.0579863035593056,0.0517116262972503,0.1249023567518446,similarity_plus_hip_centering
56,sim3_face_stable,1094,76580,0.0627080105383786,0.056186933085666,0.1285193780599493,similarity_plus_hip_centering
58,sim3_face_stable,1112,77840,0.0663491097960242,0.0539568901862113,0.1574900466062347,similarity_plus_hip_centering
59,sim3_face_stable,1075,75250,0.0649630923988109,0.0585611131320326,0.1363585426778447,similarity_plus_hip_centering
6,sim3_face_stable,1113,77910,0.0745246929033249,0.0561908617847564,0.2080925336819809,similarity_plus_hip_centering
61,sim3_face_stable,948,66360,0.0940504996417358,0.07886793129739,0.2288196918792044,similarity_plus_hip_centering
62,sim3_face_stable,946,66220,0.0826318035326329,0.0653541245998708,0.1993516372605423,similarity_plus_hip_centering
63,sim3_face_stable,1114,77980,0.0862927107501117,0.0713627885151066,0.2126994888798583,similarity_plus_hip_centering
64,sim3_face_stable,1121,78470,0.0784215351054985,0.0698837613208461,0.1737141594495843,similarity_plus_hip_centering
65,sim3_face_stable,1124,78680,0.0699936370406229,0.0605288038618756,0.1445959983014885,similarity_plus_hip_centering
66,sim3_face_stable,965,67550,0.100549301264576,0.0855248391787938,0.2197708761266812,similarity_plus_hip_centering
67,sim3_face_stable,1115,78050,0.0614325257881794,0.0501896182024545,0.1520149765195909,similarity_plus_hip_centering
68,sim3_face_stable,967,67690,0.0487760591111882,0.0416004171717186,0.1093077422123549,similarity_plus_hip_centering
69,sim3_face_stable,961,67270,0.0570329125372973,0.0444565909106098,0.1431593815401763,similarity_plus_hip_centering
7,sim3_face_stable,954,66780,0.0805087059138314,0.0636619099677528,0.2126775273965238,similarity_plus_hip_centering
70,sim3_face_stable,1128,78960,0.0562458934882424,0.0475323780875016,0.1270957507084081,similarity_plus_hip_centering
72,sim3_face_stable,1112,77840,0.0548633982065013,0.0493494899352519,0.1196415243193518,similarity_plus_hip_centering
74,sim3_face_stable,1126,78820,0.068174206242417,0.0608906299594283,0.1482644098604639,similarity_plus_hip_centering
75,sim3_face_stable,1117,78190,0.0551394481368369,0.0464249071615024,0.1295274183233537,similarity_plus_hip_centering
76,sim3_face_stable,1060,74200,0.0537657719986908,0.0462098393384626,0.1240139836840582,similarity_plus_hip_centering
77,sim3_face_stable,1119,78330,0.050831875157379,0.0438955434616453,0.1182976878477913,similarity_plus_hip_centering
78,sim3_face_stable,957,66990,0.0540885644132818,0.0485816986294661,0.1165401150062888,similarity_plus_hip_centering
8,sim3_face_stable,1136,79520,0.0569399564600497,0.0492160883779889,0.1278625005996599,similarity_plus_hip_centering
80,sim3_face_stable,1102,77140,0.0677016026153063,0.0540995777771447,0.1627533744467613,similarity_plus_hip_centering
81,sim3_face_stable,1118,78260,0.0739425404196489,0.0607779120946571,0.1742875546484936,similarity_plus_hip_centering
82,sim3_face_stable,1111,77770,0.0542390619283939,0.0466820516684049,0.1283514621139062,similarity_plus_hip_centering
83,sim3_face_stable,1119,78330,0.0678275474117824,0.0557490618913351,0.1718078737838598,similarity_plus_hip_centering
87,sim3_face_stable,1168,81760,0.0496101692085108,0.0423672035626851,0.1106109618744835,similarity_plus_hip_centering
9,sim3_face_stable,1114,77980,0.0582373248955098,0.048465918846858,0.1370007995684247,similarity_plus_hip_centering
90,sim3_face_stable,959,67130,0.0608652529432463,0.0522714084128801,0.1318487053764195,similarity_plus_hip_centering
91,sim3_face_stable,1113,77910,0.043995687938881,0.0395149938355418,0.0974346390507754,similarity_plus_hip_centering
92,sim3_face_stable,1119,78330,0.0561714170582222,0.0479545570171305,0.1311351258006992,similarity_plus_hip_centering
93,sim3_face_stable,1111,77770,0.0835199991349367,0.0711377783188647,0.1913153157640182,similarity_plus_hip_centering
94,sim3_face_stable,1123,78610,0.0581587002232056,0.0533804668984705,0.1263263806637003,similarity_plus_hip_centering
95,sim3_face_stable,1109,77630,0.0443427737066587,0.036468521326961,0.1054500443216543,similarity_plus_hip_centering
97,sim3_face_stable,1107,77490,0.0438246139546414,0.0378346583522008,0.0951834924770083,similarity_plus_hip_centering
99,sim3_face_stable,1111,77770,0.0441885268181978,0.0380672426895273,0.099754489253323,similarity_plus_hip_centering
107,sim3_face_stable,946,66220,0.0519664847868179,0.0402552418571361,0.1487503140109562,similarity_plus_hip_centering
118,sim3_face_stable,1114,77980,0.0583998665160005,0.0486918024593937,0.1355064208731106,similarity_plus_hip_centering
12,sim3_face_stable,955,66850,0.0620300105721121,0.0491570292012717,0.1715793366565511,similarity_plus_hip_centering
123,sim3_face_stable,1114,77980,0.0939394416350911,0.0765067751845625,0.2297559011790337,similarity_plus_hip_centering
126,sim3_face_stable,1130,79100,0.1065245919006875,0.0802097719193042,0.2765600872365865,similarity_plus_hip_centering
13,sim3_face_stable,967,67690,0.0812018041320538,0.0676716018051238,0.1937559980064135,similarity_plus_hip_centering
137,sim3_face_stable,1112,77840,0.0484749053349063,0.0420419839411188,0.110461299693842,similarity_plus_hip_centering
17,sim3_face_stable,1042,72940,0.0598615745137667,0.0505943318498167,0.1411018905081169,similarity_plus_hip_centering
23,sim3_face_stable,960,67200,0.0786677581184389,0.0626901927610542,0.1965063361773803,similarity_plus_hip_centering
27,sim3_face_stable,1132,79240,0.0568525053532734,0.0484086374501296,0.140050123039789,similarity_plus_hip_centering
31,sim3_face_stable,958,67060,0.0681215558778851,0.0532628822533504,0.1666585117999722,similarity_plus_hip_centering
32,sim3_face_stable,954,66780,0.070450632042849,0.0566325348986771,0.1696800814829148,similarity_plus_hip_centering
34,sim3_face_stable,960,67200,0.0738872110657908,0.0661873074028651,0.1549048056113197,similarity_plus_hip_centering
37,sim3_face_stable,943,66010,0.0624355856561862,0.0496772089658074,0.1501598856344046,similarity_plus_hip_centering
38,sim3_face_stable,952,66640,0.0647089664784748,0.0504325263609943,0.1605469438176251,similarity_plus_hip_centering
45,sim3_face_stable,1123,78610,0.0552201532272939,0.0463567360696928,0.1208491184445753,similarity_plus_hip_centering
48,sim3_face_stable,1090,76300,0.0532549885441741,0.044763218181112,0.1219346643200813,similarity_plus_hip_centering
50,sim3_face_stable,1120,78400,0.0720563064904308,0.0606187722529892,0.1683826991604821,similarity_plus_hip_centering
57,sim3_face_stable,1227,85890,0.0681764889379588,0.0617637306626398,0.140812080790701,similarity_plus_hip_centering
71,sim3_face_stable,1120,78400,0.0654229087279305,0.0568420385891569,0.1452344943274893,similarity_plus_hip_centering
73,sim3_face_stable,1113,77910,0.0597332371737037,0.0492382392552863,0.1424639525558872,similarity_plus_hip_centering
84,sim3_face_stable,1108,77560,0.0528338749854745,0.0448883618598909,0.1188581874650719,similarity_plus_hip_centering
86,sim3_face_stable,1115,78050,0.0433911882272791,0.0393907539153498,0.0951766788334422,similarity_plus_hip_centering
88,sim3_face_stable,962,67340,0.0753981683828435,0.0657691270403888,0.1597657012912412,similarity_plus_hip_centering
89,sim3_face_stable,1108,77560,0.0623963685935352,0.0518771791190706,0.1561238991936985,similarity_plus_hip_centering
96,sim3_face_stable,1110,77700,0.05512143341298,0.0487898797625208,0.1234880132051497,similarity_plus_hip_centering
98,sim3_face_stable,1122,78540,0.046088782777658,0.039523316147216,0.1069564757751897,similarity_plus_hip_centering
1,sim3_face_stable,955,66850,0.0598424221342654,0.0498423594271015,0.1494374611530854,similarity_plus_hip_centering
106,sim3_face_stable,1121,78470,0.0787136042316359,0.0658752872716345,0.1887323920402352,similarity_plus_hip_centering
116,sim3_face_stable,1153,80710,0.062095998296244,0.050300239998698,0.1443945997240593,similarity_plus_hip_centering
117,sim3_face_stable,1114,77980,0.0597478823139477,0.0473085315479329,0.1495573500314415,similarity_plus_hip_centering
130,sim3_face_stable,1117,78190,0.0786759774470493,0.0616590083230041,0.1987497856400917,similarity_plus_hip_centering
136,sim3_face_stable,949,66430,0.0702361838544956,0.0656271257134979,0.1433354135791889,similarity_plus_hip_centering
24,sim3_face_stable,949,66430,0.067494290592109,0.0560558669254563,0.1539868398880317,similarity_plus_hip_centering
36,sim3_face_stable,1112,77840,0.0538844676115573,0.0469865937362117,0.1241487764364003,similarity_plus_hip_centering
49,sim3_face_stable,1125,78750,0.0610074374945347,0.053950005813047,0.1412728211619085,similarity_plus_hip_centering
51,sim3_face_stable,1110,77700,0.0559805835787353,0.0455345215574649,0.1311719401342172,similarity_plus_hip_centering
52,sim3_face_stable,1122,78540,0.0546788319827894,0.0460864607255779,0.1308488912224247,similarity_plus_hip_centering
60,sim3_face_stable,1123,78610,0.0664301438512659,0.0546153104693516,0.1629664276173036,similarity_plus_hip_centering
79,sim3_face_stable,1115,78050,0.0556111156492932,0.0475154236606786,0.1337837056458626,similarity_plus_hip_centering
85,sim3_face_stable,966,67620,0.0458746415191224,0.0390351889287024,0.1066413333774309,similarity_plus_hip_centering
10,sim3_face_stable_joint_weight,949,66430,0.0808974774047108,0.0627334702954734,0.2103979483943054,similarity_plus_hip_centering
100,sim3_face_stable_joint_weight,1112,77840,0.0526152391226769,0.0433733079124576,0.1179772984450651,similarity_plus_hip_centering
101,sim3_face_stable_joint_weight,977,68390,0.0408938262462766,0.0373654605522433,0.0876199613058245,similarity_plus_hip_centering
102,sim3_face_stable_joint_weight,1114,77980,0.0476242686677137,0.0404526006644709,0.1095151988151173,similarity_plus_hip_centering
103,sim3_face_stable_joint_weight,971,67970,0.0704544304563243,0.0595705573321258,0.1727712393018952,similarity_plus_hip_centering
104,sim3_face_stable_joint_weight,1083,75810,0.0493750688397529,0.0431987186356903,0.1019922159774881,similarity_plus_hip_centering
105,sim3_face_stable_joint_weight,1278,89460,0.0638284544772945,0.0522421136348573,0.1526943747030953,similarity_plus_hip_centering
108,sim3_face_stable_joint_weight,1123,78610,0.0743391211267625,0.0612180724473612,0.1830685336816969,similarity_plus_hip_centering
109,sim3_face_stable_joint_weight,1145,80150,0.09311911263875,0.0806810046025348,0.1993470174348968,similarity_plus_hip_centering
11,sim3_face_stable_joint_weight,1116,78120,0.060209739178581,0.0544432507005483,0.1236131819655113,similarity_plus_hip_centering
110,sim3_face_stable_joint_weight,1113,77910,0.0593733603557116,0.0495004559533884,0.1447607913943159,similarity_plus_hip_centering
111,sim3_face_stable_joint_weight,1106,77420,0.0795503658441541,0.0654520925608649,0.1868177235871215,similarity_plus_hip_centering
112,sim3_face_stable_joint_weight,1127,78890,0.0589652542169569,0.0523695307073885,0.1314173454849561,similarity_plus_hip_centering
113,sim3_face_stable_joint_weight,1123,78610,0.0502398596071431,0.0439739756784548,0.1175976463938174,similarity_plus_hip_centering
114,sim3_face_stable_joint_weight,1431,100170,0.0621980706883962,0.0544850615204177,0.1410854651550797,similarity_plus_hip_centering
115,sim3_face_stable_joint_weight,1141,79870,0.0637883594398053,0.0500970750136773,0.1550436447573515,similarity_plus_hip_centering
119,sim3_face_stable_joint_weight,968,67760,0.0741702875056398,0.0591614227678841,0.176387261083737,similarity_plus_hip_centering
120,sim3_face_stable_joint_weight,957,66990,0.0899255302090149,0.0721944114783213,0.2122280558620499,similarity_plus_hip_centering
121,sim3_face_stable_joint_weight,964,67480,0.099631827703507,0.0810657795513914,0.2393717990327357,similarity_plus_hip_centering
122,sim3_face_stable_joint_weight,1110,77700,0.0720326576448403,0.0599905921258819,0.1562318683647335,similarity_plus_hip_centering
124,sim3_face_stable_joint_weight,1100,77000,0.0628348636048017,0.045045060599036,0.170213731879669,similarity_plus_hip_centering
125,sim3_face_stable_joint_weight,955,66850,0.0867316042751929,0.0719179381393435,0.2030450919882611,similarity_plus_hip_centering
127,sim3_face_stable_joint_weight,957,66990,0.0747153824451206,0.0571750632109915,0.187980648900658,similarity_plus_hip_centering
128,sim3_face_stable_joint_weight,967,67690,0.1260038181053874,0.0866701169330215,0.3443705052282432,similarity_plus_hip_centering
129,sim3_face_stable_joint_weight,1107,77490,0.0821168293876762,0.0675643984102366,0.1876090939819951,similarity_plus_hip_centering
131,sim3_face_stable_joint_weight,1112,77840,0.0697793979412414,0.0583493647425519,0.1650426705651705,similarity_plus_hip_centering
132,sim3_face_stable_joint_weight,1114,77980,0.0707753585334357,0.0583376968173685,0.1616939062912023,similarity_plus_hip_centering
133,sim3_face_stable_joint_weight,1119,78330,0.0840576903096559,0.065804668297649,0.2201623546064014,similarity_plus_hip_centering
134,sim3_face_stable_joint_weight,1123,78610,0.0838481719806862,0.0684214728435875,0.1930159103606895,similarity_plus_hip_centering
138,sim3_face_stable_joint_weight,1120,78400,0.0658877978393169,0.0561632728814999,0.1452652922944725,similarity_plus_hip_centering
14,sim3_face_stable_joint_weight,946,66220,0.0513051576588686,0.0421968514057674,0.1232604929686231,similarity_plus_hip_centering
15,sim3_face_stable_joint_weight,1104,77280,0.0597317256353323,0.0498065530403629,0.1429113610411684,similarity_plus_hip_centering
16,sim3_face_stable_joint_weight,960,67200,0.0790576046138838,0.0664556094775482,0.1999452311874242,similarity_plus_hip_centering
18,sim3_face_stable_joint_weight,1109,77630,0.0538900917066297,0.0461017542248913,0.1260726309549595,similarity_plus_hip_centering
19,sim3_face_stable_joint_weight,955,66850,0.0680691894413038,0.059260389902601,0.1489089495843451,similarity_plus_hip_centering
2,sim3_face_stable_joint_weight,1114,77980,0.0602842721835159,0.0481664065841502,0.1509241535037924,similarity_plus_hip_centering
20,sim3_face_stable_joint_weight,1129,79030,0.0667424060605074,0.0589702508528876,0.1440021879384073,similarity_plus_hip_centering
21,sim3_face_stable_joint_weight,964,67480,0.0599319621159204,0.0494137549927189,0.1399674447057733,similarity_plus_hip_centering
22,sim3_face_stable_joint_weight,953,66710,0.0650521593284123,0.0516653816030828,0.1574475917622439,similarity_plus_hip_centering
25,sim3_face_stable_joint_weight,1128,78960,0.0756363150225614,0.0608022596796505,0.1928788649928073,similarity_plus_hip_centering
26,sim3_face_stable_joint_weight,961,67270,0.0576899572341963,0.049380754439492,0.1284112316919447,similarity_plus_hip_centering
28,sim3_face_stable_joint_weight,1124,78680,0.0684833009392468,0.057664293234871,0.1621151684760118,similarity_plus_hip_centering
29,sim3_face_stable_joint_weight,1112,77840,0.0498457816951532,0.0419805831871574,0.1144339483487888,similarity_plus_hip_centering
3,sim3_face_stable_joint_weight,1119,78330,0.1001545706057504,0.0888747252159854,0.2264976421924413,similarity_plus_hip_centering
30,sim3_face_stable_joint_weight,1119,78330,0.0713931995255461,0.0592442991361707,0.1659666890410225,similarity_plus_hip_centering
33,sim3_face_stable_joint_weight,958,67060,0.0648627630116324,0.0527681770292735,0.1536552414633657,similarity_plus_hip_centering
35,sim3_face_stable_joint_weight,1117,78190,0.0649347055204495,0.0583194339241007,0.1325405316640064,similarity_plus_hip_centering
39,sim3_face_stable_joint_weight,1028,71960,0.0548245578376504,0.0428285114538719,0.1393411438251323,similarity_plus_hip_centering
4,sim3_face_stable_joint_weight,1145,80150,0.0699467116711166,0.0572339029780389,0.1688957581356997,similarity_plus_hip_centering
40,sim3_face_stable_joint_weight,1128,78960,0.0734407105616095,0.0621700103987458,0.1959870682148786,similarity_plus_hip_centering
41,sim3_face_stable_joint_weight,1195,83650,0.0477017211946698,0.0388400475088898,0.1256167169357332,similarity_plus_hip_centering
42,sim3_face_stable_joint_weight,1115,78050,0.0555383931875495,0.0460889942279135,0.1436515864597471,similarity_plus_hip_centering
43,sim3_face_stable_joint_weight,1123,78610,0.0783468751931085,0.0627867566394365,0.1988890967234863,similarity_plus_hip_centering
44,sim3_face_stable_joint_weight,1133,79310,0.0613617396595695,0.0509642512413615,0.1487184432620455,similarity_plus_hip_centering
46,sim3_face_stable_joint_weight,1116,78120,0.0573012595800851,0.0474199747818252,0.1266982151205603,similarity_plus_hip_centering
47,sim3_face_stable_joint_weight,1118,78260,0.0553063935232025,0.0505464986094333,0.1114537731249177,similarity_plus_hip_centering
5,sim3_face_stable_joint_weight,1110,77700,0.0551420049556937,0.0461964747631213,0.1313082439261908,similarity_plus_hip_centering
53,sim3_face_stable_joint_weight,961,67270,0.0548942486405052,0.04281549640023,0.13657249006516,similarity_plus_hip_centering
54,sim3_face_stable_joint_weight,1119,78330,0.0566148834671385,0.0469359224307479,0.136904818971882,similarity_plus_hip_centering
55,sim3_face_stable_joint_weight,1116,78120,0.0529059865966576,0.0448923703391624,0.1196638638543585,similarity_plus_hip_centering
56,sim3_face_stable_joint_weight,1094,76580,0.0604422442067053,0.0517566527110942,0.128867887451998,similarity_plus_hip_centering
58,sim3_face_stable_joint_weight,1112,77840,0.0661390516285123,0.0538314123661806,0.1571853311859836,similarity_plus_hip_centering
59,sim3_face_stable_joint_weight,1075,75250,0.064192162668806,0.0579537851094183,0.1357851561847613,similarity_plus_hip_centering
6,sim3_face_stable_joint_weight,1113,77910,0.0735286579553333,0.0550805041031685,0.2031159527006946,similarity_plus_hip_centering
61,sim3_face_stable_joint_weight,948,66360,0.0906862209651405,0.0748937444565207,0.226279374353021,similarity_plus_hip_centering
62,sim3_face_stable_joint_weight,946,66220,0.0760247381897251,0.0594926511917892,0.1841884464580283,similarity_plus_hip_centering
63,sim3_face_stable_joint_weight,1114,77980,0.0852961816581688,0.0700623787463409,0.212468672280863,similarity_plus_hip_centering
64,sim3_face_stable_joint_weight,1121,78470,0.0760775373875657,0.0661150345773391,0.1733283597636169,similarity_plus_hip_centering
65,sim3_face_stable_joint_weight,1124,78680,0.0684921459426763,0.0587318589735785,0.1441555481326799,similarity_plus_hip_centering
66,sim3_face_stable_joint_weight,965,67550,0.0999012182832473,0.085027581026591,0.2191363791296653,similarity_plus_hip_centering
67,sim3_face_stable_joint_weight,1115,78050,0.060703429673167,0.0500024352077154,0.149108623377551,similarity_plus_hip_centering
68,sim3_face_stable_joint_weight,967,67690,0.0480758366865761,0.0410872524540361,0.1079240867163841,similarity_plus_hip_centering
69,sim3_face_stable_joint_weight,961,67270,0.0568211097852538,0.0446554282033652,0.139937691587474,similarity_plus_hip_centering
7,sim3_face_stable_joint_weight,954,66780,0.075023108874004,0.0601454364403012,0.1987464472525136,similarity_plus_hip_centering
70,sim3_face_stable_joint_weight,1128,78960,0.0538128012083583,0.0439854275847308,0.1226677538683399,similarity_plus_hip_centering
72,sim3_face_stable_joint_weight,1112,77840,0.0522498740597504,0.0447685664725684,0.1172729331155156,similarity_plus_hip_centering
74,sim3_face_stable_joint_weight,1126,78820,0.0635136164837341,0.0541468938095876,0.1448996308645226,similarity_plus_hip_centering
75,sim3_face_stable_joint_weight,1117,78190,0.0519698737853433,0.0417405350244722,0.1257269014622302,similarity_plus_hip_centering
76,sim3_face_stable_joint_weight,1060,74200,0.0511487399109019,0.0412290345004823,0.1210705097753132,similarity_plus_hip_centering
77,sim3_face_stable_joint_weight,1119,78330,0.0496047777658458,0.0434821680570285,0.1135654084197479,similarity_plus_hip_centering
78,sim3_face_stable_joint_weight,957,66990,0.0506288214431171,0.0449455831235954,0.1104063072516941,similarity_plus_hip_centering
8,sim3_face_stable_joint_weight,1136,79520,0.0556760796569919,0.0474154894055313,0.1261895077107952,similarity_plus_hip_centering
80,sim3_face_stable_joint_weight,1102,77140,0.067418166971138,0.0538886173915744,0.1621050669512682,similarity_plus_hip_centering
81,sim3_face_stable_joint_weight,1118,78260,0.0730384758667954,0.0594506541282232,0.1731445310431249,similarity_plus_hip_centering
82,sim3_face_stable_joint_weight,1111,77770,0.0526376988458271,0.0441280166045939,0.1254399957040343,similarity_plus_hip_centering
83,sim3_face_stable_joint_weight,1119,78330,0.0671756405594229,0.0554771066466269,0.1683604936393266,similarity_plus_hip_centering
87,sim3_face_stable_joint_weight,1168,81760,0.0485669470686191,0.0420418179912723,0.108123321770085,similarity_plus_hip_centering
9,sim3_face_stable_joint_weight,1114,77980,0.0559768444075731,0.0464740413313158,0.1326741761990189,similarity_plus_hip_centering
90,sim3_face_stable_joint_weight,959,67130,0.0589366860206194,0.0482010569029645,0.1316043475960456,similarity_plus_hip_centering
91,sim3_face_stable_joint_weight,1113,77910,0.0421931516693772,0.037195024627335,0.0962707152735177,similarity_plus_hip_centering
92,sim3_face_stable_joint_weight,1119,78330,0.0556938932371086,0.047204660299227,0.1306064016066707,similarity_plus_hip_centering
93,sim3_face_stable_joint_weight,1111,77770,0.0820565069102753,0.0691790641321533,0.1904028064094046,similarity_plus_hip_centering
94,sim3_face_stable_joint_weight,1123,78610,0.0557591867064512,0.0495199095476788,0.1229775207524739,similarity_plus_hip_centering
95,sim3_face_stable_joint_weight,1109,77630,0.0421513718093609,0.034194555691541,0.1032359514061977,similarity_plus_hip_centering
97,sim3_face_stable_joint_weight,1107,77490,0.0429157744892106,0.0372203283857831,0.0949125266637357,similarity_plus_hip_centering
99,sim3_face_stable_joint_weight,1111,77770,0.0415217006871556,0.0351683260571219,0.0992063793735319,similarity_plus_hip_centering
107,sim3_face_stable_joint_weight,946,66220,0.0505030136077594,0.0400098629084765,0.1372887874415879,similarity_plus_hip_centering
118,sim3_face_stable_joint_weight,1114,77980,0.0568876705877025,0.047683969275767,0.1279690813178079,similarity_plus_hip_centering
12,sim3_face_stable_joint_weight,955,66850,0.0609401300958535,0.0483818318669156,0.1643523686100883,similarity_plus_hip_centering
123,sim3_face_stable_joint_weight,1114,77980,0.0931211375818559,0.0750740740362351,0.2309976047231277,similarity_plus_hip_centering
126,sim3_face_stable_joint_weight,1130,79100,0.105275053406772,0.0808619255927163,0.267165204085766,similarity_plus_hip_centering
13,sim3_face_stable_joint_weight,967,67690,0.0774680422898164,0.0645959501678681,0.191784457875259,similarity_plus_hip_centering
137,sim3_face_stable_joint_weight,1112,77840,0.0478174653866506,0.0406929904228681,0.1104893848329622,similarity_plus_hip_centering
17,sim3_face_stable_joint_weight,1042,72940,0.0579996872300211,0.0483314404117379,0.1385849232690962,similarity_plus_hip_centering
23,sim3_face_stable_joint_weight,960,67200,0.0742019766384166,0.061237451896198,0.1762973921296306,similarity_plus_hip_centering
27,sim3_face_stable_joint_weight,1132,79240,0.0534428194658459,0.0441935193238815,0.1357024686504229,similarity_plus_hip_centering
31,sim3_face_stable_joint_weight,958,67060,0.0675826909617307,0.0534967171891651,0.165353419581009,similarity_plus_hip_centering
32,sim3_face_stable_joint_weight,954,66780,0.0678031821990955,0.0539547857941818,0.1723971198588688,similarity_plus_hip_centering
34,sim3_face_stable_joint_weight,960,67200,0.0701056588890456,0.0617034637082699,0.1485548510090917,similarity_plus_hip_centering
37,sim3_face_stable_joint_weight,943,66010,0.0607376765853388,0.0485045707252468,0.1470046118890318,similarity_plus_hip_centering
38,sim3_face_stable_joint_weight,952,66640,0.0627471974877734,0.0479345006815813,0.1579778526479618,similarity_plus_hip_centering
45,sim3_face_stable_joint_weight,1123,78610,0.0515637779015362,0.0421431000141487,0.1197318941595691,similarity_plus_hip_centering
48,sim3_face_stable_joint_weight,1090,76300,0.0496958670281962,0.0401699450929962,0.1185250171112904,similarity_plus_hip_centering
50,sim3_face_stable_joint_weight,1120,78400,0.0676294407944555,0.0600197988401303,0.142673389670475,similarity_plus_hip_centering
57,sim3_face_stable_joint_weight,1227,85890,0.0675690290412727,0.0605655997791485,0.1420369197696389,similarity_plus_hip_centering
71,sim3_face_stable_joint_weight,1120,78400,0.0627444469217203,0.0534303663715408,0.144066597161449,similarity_plus_hip_centering
73,sim3_face_stable_joint_weight,1113,77910,0.0574802803884302,0.0475833742933932,0.1345699741962318,similarity_plus_hip_centering
84,sim3_face_stable_joint_weight,1108,77560,0.052262862830998,0.0437928652477394,0.1198034554707907,similarity_plus_hip_centering
86,sim3_face_stable_joint_weight,1115,78050,0.040406989400579,0.0369436831117346,0.0868006439187953,similarity_plus_hip_centering
88,sim3_face_stable_joint_weight,962,67340,0.073335074334693,0.0637650563719045,0.1560084656849448,similarity_plus_hip_centering
89,sim3_face_stable_joint_weight,1108,77560,0.0612202977425302,0.0508103303457065,0.1524218750414283,similarity_plus_hip_centering
96,sim3_face_stable_joint_weight,1110,77700,0.0465580434585909,0.0416438179415529,0.0979315977177468,similarity_plus_hip_centering
98,sim3_face_stable_joint_weight,1122,78540,0.0458302847380052,0.0394513971938635,0.1048274812979862,similarity_plus_hip_centering
1,sim3_face_stable_joint_weight,955,66850,0.0581459667778575,0.0483757657343258,0.1459030759367285,similarity_plus_hip_centering
106,sim3_face_stable_joint_weight,1121,78470,0.0772535920177483,0.0637989977319769,0.1873473539655593,similarity_plus_hip_centering
116,sim3_face_stable_joint_weight,1153,80710,0.0618336393877102,0.0499753722402953,0.1438283423379151,similarity_plus_hip_centering
117,sim3_face_stable_joint_weight,1114,77980,0.059107896557597,0.0463762146585339,0.1476384788545009,similarity_plus_hip_centering
130,sim3_face_stable_joint_weight,1117,78190,0.0781759395298811,0.0607481887436735,0.1994143379412283,similarity_plus_hip_centering
136,sim3_face_stable_joint_weight,949,66430,0.0695445609695821,0.0652667619119631,0.1424299077620371,similarity_plus_hip_centering
24,sim3_face_stable_joint_weight,949,66430,0.0587749793665937,0.0459164162497812,0.1402663446221375,similarity_plus_hip_centering
36,sim3_face_stable_joint_weight,1112,77840,0.0485592822512781,0.0413308041759596,0.1125781302317201,similarity_plus_hip_centering
49,sim3_face_stable_joint_weight,1125,78750,0.0572304497973364,0.0487811309685884,0.1340794876849632,similarity_plus_hip_centering
51,sim3_face_stable_joint_weight,1110,77700,0.0543799828324794,0.0430283978889198,0.1295884145604064,similarity_plus_hip_centering
52,sim3_face_stable_joint_weight,1122,78540,0.0536541250956711,0.0455011593107124,0.1293986650740973,similarity_plus_hip_centering
60,sim3_face_stable_joint_weight,1123,78610,0.0651647519968978,0.0560099763767723,0.1539964381258407,similarity_plus_hip_centering
79,sim3_face_stable_joint_weight,1115,78050,0.0520215609764241,0.0436173145200725,0.1299306272759891,similarity_plus_hip_centering
85,sim3_face_stable_joint_weight,966,67620,0.0453777447725381,0.0381792799985322,0.1074614578652071,similarity_plus_hip_centering
10,sim3_face_stable_bodypart_weight,949,66430,0.0877269638122873,0.0661043866903827,0.2347213847026561,similarity_plus_hip_centering
100,sim3_face_stable_bodypart_weight,1112,77840,0.0534569195309861,0.0440085287310487,0.1205667680852984,similarity_plus_hip_centering
101,sim3_face_stable_bodypart_weight,977,68390,0.0439553563046663,0.0415254465264132,0.0927756477122583,similarity_plus_hip_centering
102,sim3_face_stable_bodypart_weight,1114,77980,0.0497333893080065,0.0425943012516871,0.114294084919856,similarity_plus_hip_centering
103,sim3_face_stable_bodypart_weight,971,67970,0.0707975648391418,0.0585730853880461,0.175907480454929,similarity_plus_hip_centering
104,sim3_face_stable_bodypart_weight,1083,75810,0.0513479799548436,0.0455041581946699,0.1070187614015818,similarity_plus_hip_centering
105,sim3_face_stable_bodypart_weight,1278,89460,0.0655977625856409,0.0535037305886783,0.1581847379855911,similarity_plus_hip_centering
108,sim3_face_stable_bodypart_weight,1123,78610,0.075383410535059,0.0624620759734352,0.1837551626110501,similarity_plus_hip_centering
109,sim3_face_stable_bodypart_weight,1145,80150,0.0945683848743468,0.082517940333031,0.2019363093340035,similarity_plus_hip_centering
11,sim3_face_stable_bodypart_weight,1116,78120,0.0624255760288631,0.0574047677593605,0.1278696005109902,similarity_plus_hip_centering
110,sim3_face_stable_bodypart_weight,1113,77910,0.0601602058308656,0.0503590866140362,0.1489104825584108,similarity_plus_hip_centering
111,sim3_face_stable_bodypart_weight,1106,77420,0.0813104848751503,0.0667269987003205,0.1903579146557221,similarity_plus_hip_centering
112,sim3_face_stable_bodypart_weight,1127,78890,0.0603321296935896,0.0525398584934291,0.1405819757354623,similarity_plus_hip_centering
113,sim3_face_stable_bodypart_weight,1123,78610,0.0509544733509431,0.0434726946789197,0.1245452088011666,similarity_plus_hip_centering
114,sim3_face_stable_bodypart_weight,1431,100170,0.0628624641279787,0.053947091893662,0.1482529445170171,similarity_plus_hip_centering
115,sim3_face_stable_bodypart_weight,1141,79870,0.0642209971324314,0.0509293877558645,0.1592366992906692,similarity_plus_hip_centering
119,sim3_face_stable_bodypart_weight,968,67760,0.0757529202371774,0.0606352898073613,0.1802301689719831,similarity_plus_hip_centering
120,sim3_face_stable_bodypart_weight,957,66990,0.093867926701227,0.0738056884216721,0.2258132246305718,similarity_plus_hip_centering
121,sim3_face_stable_bodypart_weight,964,67480,0.1014617847069847,0.0811599052132029,0.2465214808926016,similarity_plus_hip_centering
122,sim3_face_stable_bodypart_weight,1110,77700,0.0742028021833774,0.0613707982494898,0.1662742779930943,similarity_plus_hip_centering
124,sim3_face_stable_bodypart_weight,1100,77000,0.063504421663215,0.0459231302803107,0.1700400183002631,similarity_plus_hip_centering
125,sim3_face_stable_bodypart_weight,955,66850,0.0901653383101478,0.0729900377361608,0.2139734999150306,similarity_plus_hip_centering
127,sim3_face_stable_bodypart_weight,957,66990,0.0752394338131822,0.0574816495106703,0.1895901458114653,similarity_plus_hip_centering
128,sim3_face_stable_bodypart_weight,967,67690,0.1279002209114915,0.0871472852660227,0.3509360088935786,similarity_plus_hip_centering
129,sim3_face_stable_bodypart_weight,1107,77490,0.0859168125769017,0.0692349911256827,0.200440605049801,similarity_plus_hip_centering
131,sim3_face_stable_bodypart_weight,1112,77840,0.0708036252320006,0.0577280840568265,0.1709292143709543,similarity_plus_hip_centering
132,sim3_face_stable_bodypart_weight,1114,77980,0.0746550619358106,0.0656068383283863,0.1687473565922845,similarity_plus_hip_centering
133,sim3_face_stable_bodypart_weight,1119,78330,0.0854192710537275,0.0670407760083162,0.2240975035275453,similarity_plus_hip_centering
134,sim3_face_stable_bodypart_weight,1123,78610,0.0859074799700265,0.0702616073409105,0.205331195219276,similarity_plus_hip_centering
138,sim3_face_stable_bodypart_weight,1120,78400,0.0671864379946387,0.0571097356901836,0.1469591979762853,similarity_plus_hip_centering
14,sim3_face_stable_bodypart_weight,946,66220,0.0538560245407386,0.0443201055782725,0.1326138451235642,similarity_plus_hip_centering
15,sim3_face_stable_bodypart_weight,1104,77280,0.0605021831000315,0.0505006478492881,0.1442250450742942,similarity_plus_hip_centering
16,sim3_face_stable_bodypart_weight,960,67200,0.0802310805846354,0.0673284936886973,0.2059499441796428,similarity_plus_hip_centering
18,sim3_face_stable_bodypart_weight,1109,77630,0.0571713730616095,0.0491053618787414,0.131195217150553,similarity_plus_hip_centering
19,sim3_face_stable_bodypart_weight,955,66850,0.0687890254454887,0.059857085032814,0.1552403280232939,similarity_plus_hip_centering
2,sim3_face_stable_bodypart_weight,1114,77980,0.0626782455905641,0.0524721468803112,0.154648604941041,similarity_plus_hip_centering
20,sim3_face_stable_bodypart_weight,1129,79030,0.0709493164505793,0.0618347653345183,0.1570227312901088,similarity_plus_hip_centering
21,sim3_face_stable_bodypart_weight,964,67480,0.0650956690401699,0.0536771962660438,0.1496679474147907,similarity_plus_hip_centering
22,sim3_face_stable_bodypart_weight,953,66710,0.068344944960226,0.05136441146231,0.1826736354859689,similarity_plus_hip_centering
25,sim3_face_stable_bodypart_weight,1128,78960,0.077272933826704,0.0617688662388412,0.2045070819535669,similarity_plus_hip_centering
26,sim3_face_stable_bodypart_weight,961,67270,0.0582518984955862,0.0502515676615721,0.129823462067318,similarity_plus_hip_centering
28,sim3_face_stable_bodypart_weight,1124,78680,0.069654405548618,0.058491465615274,0.1651903719427798,similarity_plus_hip_centering
29,sim3_face_stable_bodypart_weight,1112,77840,0.0536609108857331,0.0454808739038248,0.1233550798059781,similarity_plus_hip_centering
3,sim3_face_stable_bodypart_weight,1119,78330,0.1017096888022586,0.0857488017642397,0.2342427536109673,similarity_plus_hip_centering
30,sim3_face_stable_bodypart_weight,1119,78330,0.0726440573214955,0.0601817689660005,0.1668371649509535,similarity_plus_hip_centering
33,sim3_face_stable_bodypart_weight,958,67060,0.0667314731665113,0.0536703772014184,0.1592609065829221,similarity_plus_hip_centering
35,sim3_face_stable_bodypart_weight,1117,78190,0.0656523272412002,0.0588144878053509,0.1385785335684,similarity_plus_hip_centering
39,sim3_face_stable_bodypart_weight,1028,71960,0.0559041613326794,0.0431821760012272,0.1436959872599023,similarity_plus_hip_centering
4,sim3_face_stable_bodypart_weight,1145,80150,0.0719842622989742,0.0589682874777162,0.178552756021289,similarity_plus_hip_centering
40,sim3_face_stable_bodypart_weight,1128,78960,0.0806003562651312,0.0649722319147558,0.2197528995151348,similarity_plus_hip_centering
41,sim3_face_stable_bodypart_weight,1195,83650,0.0483576795828783,0.0389767931453612,0.1298027010332398,similarity_plus_hip_centering
42,sim3_face_stable_bodypart_weight,1115,78050,0.0580405751592077,0.0478513595282295,0.149245211021868,similarity_plus_hip_centering
43,sim3_face_stable_bodypart_weight,1123,78610,0.0811157908901319,0.0650873234887631,0.2133453425469822,similarity_plus_hip_centering
44,sim3_face_stable_bodypart_weight,1133,79310,0.0643506312713567,0.0515162806925088,0.1607685630583049,similarity_plus_hip_centering
46,sim3_face_stable_bodypart_weight,1116,78120,0.063942430577587,0.0555771086919743,0.1313361485848351,similarity_plus_hip_centering
47,sim3_face_stable_bodypart_weight,1118,78260,0.0556435988778743,0.0504041984905714,0.1136142942744769,similarity_plus_hip_centering
5,sim3_face_stable_bodypart_weight,1110,77700,0.0547353073758539,0.0452239909461898,0.1323099209540486,similarity_plus_hip_centering
53,sim3_face_stable_bodypart_weight,961,67270,0.0578978762981126,0.0452551715815942,0.1595824517780915,similarity_plus_hip_centering
54,sim3_face_stable_bodypart_weight,1119,78330,0.0605174253441656,0.0500579356900952,0.1455444459701985,similarity_plus_hip_centering
55,sim3_face_stable_bodypart_weight,1116,78120,0.0571910143644013,0.0507272874638876,0.1221289544272548,similarity_plus_hip_centering
56,sim3_face_stable_bodypart_weight,1094,76580,0.0627837284632962,0.0558374766739404,0.1319201632377586,similarity_plus_hip_centering
58,sim3_face_stable_bodypart_weight,1112,77840,0.0669368908071838,0.0538181661420151,0.163216697822614,similarity_plus_hip_centering
59,sim3_face_stable_bodypart_weight,1075,75250,0.0650552115413414,0.0585896404730208,0.1359625104319181,similarity_plus_hip_centering
6,sim3_face_stable_bodypart_weight,1113,77910,0.0741404062647512,0.0555499561125742,0.206546089001158,similarity_plus_hip_centering
61,sim3_face_stable_bodypart_weight,948,66360,0.0932637101437473,0.0780977265152641,0.2326632595404933,similarity_plus_hip_centering
62,sim3_face_stable_bodypart_weight,946,66220,0.0831985167308106,0.0646137721815873,0.2098045038146128,similarity_plus_hip_centering
63,sim3_face_stable_bodypart_weight,1114,77980,0.0855439908569211,0.070346824586207,0.2147906831426852,similarity_plus_hip_centering
64,sim3_face_stable_bodypart_weight,1121,78470,0.0781059367107257,0.0687431912152945,0.1739386596862893,similarity_plus_hip_centering
65,sim3_face_stable_bodypart_weight,1124,78680,0.0689794148690945,0.058888325976127,0.1463719504035214,similarity_plus_hip_centering
66,sim3_face_stable_bodypart_weight,965,67550,0.1004177531164579,0.0853513911198481,0.2219671648312133,similarity_plus_hip_centering
67,sim3_face_stable_bodypart_weight,1115,78050,0.0605470870373223,0.0498922990746354,0.1482563733700811,similarity_plus_hip_centering
68,sim3_face_stable_bodypart_weight,967,67690,0.048672052142463,0.0414832834521024,0.1089602876597297,similarity_plus_hip_centering
69,sim3_face_stable_bodypart_weight,961,67270,0.0579141517545297,0.0440206585475545,0.1497443336506199,similarity_plus_hip_centering
7,sim3_face_stable_bodypart_weight,954,66780,0.0816674389852928,0.0622271935472258,0.2222571541314579,similarity_plus_hip_centering
70,sim3_face_stable_bodypart_weight,1128,78960,0.0567137073980828,0.0473300458448138,0.1343642570992026,similarity_plus_hip_centering
72,sim3_face_stable_bodypart_weight,1112,77840,0.0544925057679396,0.0486832507678848,0.1217362666876089,similarity_plus_hip_centering
74,sim3_face_stable_bodypart_weight,1126,78820,0.0668789975120235,0.0593502922081655,0.150613972128142,similarity_plus_hip_centering
75,sim3_face_stable_bodypart_weight,1117,78190,0.0556238774087412,0.04596447610511,0.1391592111003473,similarity_plus_hip_centering
76,sim3_face_stable_bodypart_weight,1060,74200,0.0544015905850579,0.045283919867446,0.1334415920916412,similarity_plus_hip_centering
77,sim3_face_stable_bodypart_weight,1119,78330,0.0514325749932253,0.0434992593639909,0.1252285346111968,similarity_plus_hip_centering
78,sim3_face_stable_bodypart_weight,957,66990,0.0530325540139587,0.0472092536887376,0.1155664881669796,similarity_plus_hip_centering
8,sim3_face_stable_bodypart_weight,1136,79520,0.0569745003197933,0.0490514531255798,0.1266333017578075,similarity_plus_hip_centering
80,sim3_face_stable_bodypart_weight,1102,77140,0.0673052346005304,0.0535311433795715,0.1611534599975731,similarity_plus_hip_centering
81,sim3_face_stable_bodypart_weight,1118,78260,0.0740855251696716,0.0609736120858679,0.1753252849303975,similarity_plus_hip_centering
82,sim3_face_stable_bodypart_weight,1111,77770,0.05495709904605,0.0464627922235683,0.1341354596457624,similarity_plus_hip_centering
83,sim3_face_stable_bodypart_weight,1119,78330,0.0686252748439745,0.0553539085779046,0.1765502436549224,similarity_plus_hip_centering
87,sim3_face_stable_bodypart_weight,1168,81760,0.0503924281152488,0.0420973101285604,0.1149397950986274,similarity_plus_hip_centering
9,sim3_face_stable_bodypart_weight,1114,77980,0.0584957125539078,0.048257449181802,0.142994552978646,similarity_plus_hip_centering
90,sim3_face_stable_bodypart_weight,959,67130,0.0615063193998616,0.0523873521326635,0.1358387293889313,similarity_plus_hip_centering
91,sim3_face_stable_bodypart_weight,1113,77910,0.0432997119741017,0.0386389886932372,0.0980234939244655,similarity_plus_hip_centering
92,sim3_face_stable_bodypart_weight,1119,78330,0.0562952735797316,0.0473951351512365,0.1364260177235521,similarity_plus_hip_centering
93,sim3_face_stable_bodypart_weight,1111,77770,0.084236301511688,0.0704100529455158,0.1982391493586029,similarity_plus_hip_centering
94,sim3_face_stable_bodypart_weight,1123,78610,0.0578521863977164,0.0522330893006584,0.1329565506353611,similarity_plus_hip_centering
95,sim3_face_stable_bodypart_weight,1109,77630,0.0432750757319113,0.0363336853842129,0.1039038362168547,similarity_plus_hip_centering
97,sim3_face_stable_bodypart_weight,1107,77490,0.0435029826003138,0.0378634023305616,0.0951403357086768,similarity_plus_hip_centering
99,sim3_face_stable_bodypart_weight,1111,77770,0.0443227493811135,0.0384666621713652,0.1016350065212132,similarity_plus_hip_centering
107,sim3_face_stable_bodypart_weight,946,66220,0.0535945752131458,0.0407073432806936,0.1567326816701846,similarity_plus_hip_centering
118,sim3_face_stable_bodypart_weight,1114,77980,0.0575894864409997,0.0485969914634552,0.1284196434282431,similarity_plus_hip_centering
12,sim3_face_stable_bodypart_weight,955,66850,0.0631185754723226,0.0480270356923232,0.1859814667459267,similarity_plus_hip_centering
123,sim3_face_stable_bodypart_weight,1114,77980,0.0935980662168607,0.0754943807976413,0.2306196140723929,similarity_plus_hip_centering
126,sim3_face_stable_bodypart_weight,1130,79100,0.1083302780355548,0.0797012777411511,0.2884672438935591,similarity_plus_hip_centering
13,sim3_face_stable_bodypart_weight,967,67690,0.0801275032522582,0.0668650374747041,0.1963658094307814,similarity_plus_hip_centering
137,sim3_face_stable_bodypart_weight,1112,77840,0.0485035353282159,0.041634681659296,0.1146885341060355,similarity_plus_hip_centering
17,sim3_face_stable_bodypart_weight,1042,72940,0.059276362838196,0.0501812611921739,0.1393732460741587,similarity_plus_hip_centering
23,sim3_face_stable_bodypart_weight,960,67200,0.0810370392752619,0.0632016880394055,0.2085837630001981,similarity_plus_hip_centering
27,sim3_face_stable_bodypart_weight,1132,79240,0.0563525778822892,0.0479630109763444,0.1421253940032692,similarity_plus_hip_centering
31,sim3_face_stable_bodypart_weight,958,67060,0.0680308274227481,0.0530745124568462,0.1699511893414764,similarity_plus_hip_centering
32,sim3_face_stable_bodypart_weight,954,66780,0.0698252706535831,0.055308673212613,0.1766359973037707,similarity_plus_hip_centering
34,sim3_face_stable_bodypart_weight,960,67200,0.0743221759589589,0.0651287680706355,0.1626814673681221,similarity_plus_hip_centering
37,sim3_face_stable_bodypart_weight,943,66010,0.0637304382367598,0.0501837940445212,0.1539170873134266,similarity_plus_hip_centering
38,sim3_face_stable_bodypart_weight,952,66640,0.0651982914275486,0.049604010537814,0.1656027437659372,similarity_plus_hip_centering
45,sim3_face_stable_bodypart_weight,1123,78610,0.0542890084522748,0.0452157641001975,0.1253042483428004,similarity_plus_hip_centering
48,sim3_face_stable_bodypart_weight,1090,76300,0.0534138716012718,0.0447235504313181,0.1218124317374692,similarity_plus_hip_centering
50,sim3_face_stable_bodypart_weight,1120,78400,0.0735339893389141,0.0621454882093028,0.1747784688453721,similarity_plus_hip_centering
57,sim3_face_stable_bodypart_weight,1227,85890,0.0686330451297968,0.0613082565572371,0.144822888651975,similarity_plus_hip_centering
71,sim3_face_stable_bodypart_weight,1120,78400,0.065315268032469,0.0561956036493861,0.1507569359687196,similarity_plus_hip_centering
73,sim3_face_stable_bodypart_weight,1113,77910,0.058612716783108,0.0480945510663583,0.1366999719873856,similarity_plus_hip_centering
84,sim3_face_stable_bodypart_weight,1108,77560,0.0525716402587061,0.0443510742524356,0.1224040385925299,similarity_plus_hip_centering
86,sim3_face_stable_bodypart_weight,1115,78050,0.0426890470847073,0.0380156158626903,0.0954053721943976,similarity_plus_hip_centering
88,sim3_face_stable_bodypart_weight,962,67340,0.0773852073689172,0.0669489506263952,0.1652044650457166,similarity_plus_hip_centering
89,sim3_face_stable_bodypart_weight,1108,77560,0.0630050601192894,0.0520389972131897,0.161944390552659,similarity_plus_hip_centering
96,sim3_face_stable_bodypart_weight,1110,77700,0.0531289010538298,0.0483097009648395,0.1134040065887739,similarity_plus_hip_centering
98,sim3_face_stable_bodypart_weight,1122,78540,0.0466875971382405,0.0392053359172596,0.1130434361931933,similarity_plus_hip_centering
1,sim3_face_stable_bodypart_weight,955,66850,0.0600350764852274,0.0501299766864828,0.1485046340744959,similarity_plus_hip_centering
106,sim3_face_stable_bodypart_weight,1121,78470,0.0793093535320801,0.0666790397888509,0.19061154781011,similarity_plus_hip_centering
116,sim3_face_stable_bodypart_weight,1153,80710,0.0630928307231155,0.0509390128341523,0.1495357498213833,similarity_plus_hip_centering
117,sim3_face_stable_bodypart_weight,1114,77980,0.0594342779070414,0.0474811384196847,0.1489715799011006,similarity_plus_hip_centering
130,sim3_face_stable_bodypart_weight,1117,78190,0.0790661266496595,0.0613460707551737,0.2028043194297828,similarity_plus_hip_centering
136,sim3_face_stable_bodypart_weight,949,66430,0.0699796615177346,0.0652990797058413,0.1447417346079037,similarity_plus_hip_centering
24,sim3_face_stable_bodypart_weight,949,66430,0.068319981393823,0.0562397763216407,0.1606893055648896,similarity_plus_hip_centering
36,sim3_face_stable_bodypart_weight,1112,77840,0.0542976380133917,0.0476338322182407,0.125983588341472,similarity_plus_hip_centering
49,sim3_face_stable_bodypart_weight,1125,78750,0.0600698912802538,0.05324371951369,0.1343682289929305,similarity_plus_hip_centering
51,sim3_face_stable_bodypart_weight,1110,77700,0.0550205515034553,0.0445946593548144,0.1303678755331596,similarity_plus_hip_centering
52,sim3_face_stable_bodypart_weight,1122,78540,0.054821291076796,0.0454490809356087,0.1323973516852336,similarity_plus_hip_centering
60,sim3_face_stable_bodypart_weight,1123,78610,0.0672524642561044,0.0536194922754478,0.1753018554517105,similarity_plus_hip_centering
79,sim3_face_stable_bodypart_weight,1115,78050,0.0547457541093544,0.0464191448876163,0.1353239200676688,similarity_plus_hip_centering
85,sim3_face_stable_bodypart_weight,966,67620,0.0463662700055597,0.0389667153516678,0.1091307655289736,similarity_plus_hip_centering
10,sim3_face_stable_smooth_transform,949,66430,0.0861200295979847,0.06510821153698,0.2248885229442613,similarity_plus_hip_centering
100,sim3_face_stable_smooth_transform,1112,77840,0.0538317971602209,0.044537475436708,0.1206981549957731,similarity_plus_hip_centering
101,sim3_face_stable_smooth_transform,977,68390,0.045262427797341,0.0439725723298013,0.0923317060546722,similarity_plus_hip_centering
102,sim3_face_stable_smooth_transform,1114,77980,0.0504761710620898,0.0439099815254566,0.1112187899502089,similarity_plus_hip_centering
103,sim3_face_stable_smooth_transform,971,67970,0.0714154404318158,0.0601751697728434,0.1759394595944388,similarity_plus_hip_centering
104,sim3_face_stable_smooth_transform,1083,75810,0.0521825133617043,0.04586386351702,0.106168670358224,similarity_plus_hip_centering
105,sim3_face_stable_smooth_transform,1278,89460,0.0661034206582596,0.0546863198778014,0.1568714333006982,similarity_plus_hip_centering
108,sim3_face_stable_smooth_transform,1123,78610,0.0757361311953141,0.062985451347705,0.1853212116220624,similarity_plus_hip_centering
109,sim3_face_stable_smooth_transform,1145,80150,0.0953869409419481,0.083220196563448,0.2030972342356749,similarity_plus_hip_centering
11,sim3_face_stable_smooth_transform,1116,78120,0.0638420293883953,0.0580942353538738,0.1313498144796675,similarity_plus_hip_centering
110,sim3_face_stable_smooth_transform,1113,77910,0.0611686640678577,0.0517907301264867,0.1463605832295691,similarity_plus_hip_centering
111,sim3_face_stable_smooth_transform,1106,77420,0.0813797466600946,0.0670606707965603,0.1882898881258018,similarity_plus_hip_centering
112,sim3_face_stable_smooth_transform,1127,78890,0.0610867162335934,0.0542206019721637,0.1349090424854769,similarity_plus_hip_centering
113,sim3_face_stable_smooth_transform,1123,78610,0.0513674540379877,0.0455157185846054,0.1189412940545792,similarity_plus_hip_centering
114,sim3_face_stable_smooth_transform,1431,100170,0.0633321662081393,0.055790239790281,0.1417003551270847,similarity_plus_hip_centering
115,sim3_face_stable_smooth_transform,1141,79870,0.0651232036026255,0.0522357809460859,0.1592036945977922,similarity_plus_hip_centering
119,sim3_face_stable_smooth_transform,968,67760,0.0758611071839348,0.0610759575707296,0.1783276478192232,similarity_plus_hip_centering
120,sim3_face_stable_smooth_transform,957,66990,0.0922877604784164,0.0731981899609289,0.2197229029750674,similarity_plus_hip_centering
121,sim3_face_stable_smooth_transform,964,67480,0.1004888440610167,0.0812243063190206,0.2409540117215966,similarity_plus_hip_centering
122,sim3_face_stable_smooth_transform,1110,77700,0.0731860487578637,0.0612032317606013,0.1590550423781938,similarity_plus_hip_centering
124,sim3_face_stable_smooth_transform,1100,77000,0.0637181628021967,0.0459511970018311,0.1705507257775983,similarity_plus_hip_centering
125,sim3_face_stable_smooth_transform,955,66850,0.0892215516490623,0.0730582736795535,0.2084800115277979,similarity_plus_hip_centering
127,sim3_face_stable_smooth_transform,957,66990,0.0752784326182987,0.058062941485554,0.1877435502447048,similarity_plus_hip_centering
128,sim3_face_stable_smooth_transform,967,67690,0.1269233594189887,0.0873095305650294,0.3474923707280085,similarity_plus_hip_centering
129,sim3_face_stable_smooth_transform,1107,77490,0.0845694219651281,0.0689148845082892,0.1935478148588533,similarity_plus_hip_centering
131,sim3_face_stable_smooth_transform,1112,77840,0.0704443199932685,0.0583190370569501,0.1661290687262299,similarity_plus_hip_centering
132,sim3_face_stable_smooth_transform,1114,77980,0.0750500688061461,0.0656604486914494,0.1724913335782248,similarity_plus_hip_centering
133,sim3_face_stable_smooth_transform,1119,78330,0.0850360813008494,0.0675508094137852,0.2208547724017701,similarity_plus_hip_centering
134,sim3_face_stable_smooth_transform,1123,78610,0.0853381379078851,0.069943537337937,0.2001289867309282,similarity_plus_hip_centering
138,sim3_face_stable_smooth_transform,1120,78400,0.0687563608217828,0.0585485210313532,0.1510216500321561,similarity_plus_hip_centering
14,sim3_face_stable_smooth_transform,946,66220,0.0554205827305833,0.045671251417338,0.1301891462211428,similarity_plus_hip_centering
15,sim3_face_stable_smooth_transform,1104,77280,0.062073310550044,0.0525699769688568,0.1495735295025861,similarity_plus_hip_centering
16,sim3_face_stable_smooth_transform,960,67200,0.0804269568816171,0.0676583405507476,0.2043564338510962,similarity_plus_hip_centering
18,sim3_face_stable_smooth_transform,1109,77630,0.0586619035311571,0.0499279461728002,0.1335848633322332,similarity_plus_hip_centering
19,sim3_face_stable_smooth_transform,955,66850,0.0712596797290272,0.0623133830306022,0.1547508706928202,similarity_plus_hip_centering
2,sim3_face_stable_smooth_transform,1114,77980,0.0647323434215696,0.0533431639209928,0.1619156759880962,similarity_plus_hip_centering
20,sim3_face_stable_smooth_transform,1129,79030,0.0720886749907694,0.063226889356609,0.1554912090499232,similarity_plus_hip_centering
21,sim3_face_stable_smooth_transform,964,67480,0.0663632054440005,0.0548273755083506,0.1515372035775164,similarity_plus_hip_centering
22,sim3_face_stable_smooth_transform,953,66710,0.0684579166554837,0.0518954848805091,0.1766799430852363,similarity_plus_hip_centering
25,sim3_face_stable_smooth_transform,1128,78960,0.0778637618284204,0.0619095013449413,0.2051408539785227,similarity_plus_hip_centering
26,sim3_face_stable_smooth_transform,961,67270,0.0590301710285965,0.051165487333442,0.1295398807930184,similarity_plus_hip_centering
28,sim3_face_stable_smooth_transform,1124,78680,0.0712865922666243,0.059876160910379,0.1728635872720905,similarity_plus_hip_centering
29,sim3_face_stable_smooth_transform,1112,77840,0.0541440833042951,0.0459685477970418,0.1210096531811833,similarity_plus_hip_centering
3,sim3_face_stable_smooth_transform,1119,78330,0.1010911131079492,0.0889337599301169,0.2306386746839407,similarity_plus_hip_centering
30,sim3_face_stable_smooth_transform,1119,78330,0.0743191060361563,0.0604701977867838,0.1747735771924655,similarity_plus_hip_centering
33,sim3_face_stable_smooth_transform,958,67060,0.0671813841433275,0.0545843803565391,0.1565757485406349,similarity_plus_hip_centering
35,sim3_face_stable_smooth_transform,1117,78190,0.0664269094861485,0.0591293231501925,0.1397285316952407,similarity_plus_hip_centering
39,sim3_face_stable_smooth_transform,1028,71960,0.0572923185503813,0.0439254940040351,0.1455729840248915,similarity_plus_hip_centering
4,sim3_face_stable_smooth_transform,1145,80150,0.0727290517031298,0.0591946888833077,0.1771935288412884,similarity_plus_hip_centering
40,sim3_face_stable_smooth_transform,1128,78960,0.0809260188310306,0.0659502043745317,0.205462029571011,similarity_plus_hip_centering
41,sim3_face_stable_smooth_transform,1195,83650,0.0482434579814413,0.0379656567649308,0.1284440429489355,similarity_plus_hip_centering
42,sim3_face_stable_smooth_transform,1115,78050,0.0583357773683823,0.0480308455749644,0.1472923647440654,similarity_plus_hip_centering
43,sim3_face_stable_smooth_transform,1123,78610,0.0831209723162212,0.0662196126297898,0.2128642856075887,similarity_plus_hip_centering
44,sim3_face_stable_smooth_transform,1133,79310,0.0657770513747155,0.0528655251047831,0.1588034719540864,similarity_plus_hip_centering
46,sim3_face_stable_smooth_transform,1116,78120,0.066453749597201,0.0572200933674087,0.1382752779124172,similarity_plus_hip_centering
47,sim3_face_stable_smooth_transform,1118,78260,0.0564074707193638,0.0513722382379367,0.1137080261224326,similarity_plus_hip_centering
5,sim3_face_stable_smooth_transform,1110,77700,0.0560200598680838,0.0465376853027081,0.1323445241183607,similarity_plus_hip_centering
53,sim3_face_stable_smooth_transform,961,67270,0.0588840379951494,0.0456388787632751,0.1567924047211342,similarity_plus_hip_centering
54,sim3_face_stable_smooth_transform,1119,78330,0.0615678697587494,0.0512007698557449,0.1482071819808471,similarity_plus_hip_centering
55,sim3_face_stable_smooth_transform,1116,78120,0.0596460216495989,0.0525939820104017,0.1251382853298867,similarity_plus_hip_centering
56,sim3_face_stable_smooth_transform,1094,76580,0.0644476348593882,0.0573120534975795,0.1327159266099777,similarity_plus_hip_centering
58,sim3_face_stable_smooth_transform,1112,77840,0.0683664031427827,0.0551381756790782,0.1635469094766401,similarity_plus_hip_centering
59,sim3_face_stable_smooth_transform,1075,75250,0.0652831004343813,0.0588271972676293,0.1386664547902676,similarity_plus_hip_centering
6,sim3_face_stable_smooth_transform,1113,77910,0.0755423467668185,0.0567451305693418,0.2143488793335509,similarity_plus_hip_centering
61,sim3_face_stable_smooth_transform,948,66360,0.0951522799484622,0.0798334848814103,0.2348085939757844,similarity_plus_hip_centering
62,sim3_face_stable_smooth_transform,946,66220,0.0842174303313439,0.0659681105987515,0.2065068055310152,similarity_plus_hip_centering
63,sim3_face_stable_smooth_transform,1114,77980,0.0868742005335874,0.0719082358749116,0.2140561521897055,similarity_plus_hip_centering
64,sim3_face_stable_smooth_transform,1121,78470,0.0808613879195599,0.0705830850555988,0.1816503991668314,similarity_plus_hip_centering
65,sim3_face_stable_smooth_transform,1124,78680,0.0707036661225102,0.0612707237052027,0.1444061977568103,similarity_plus_hip_centering
66,sim3_face_stable_smooth_transform,965,67550,0.10117672327186,0.0857272334486791,0.2244422545784533,similarity_plus_hip_centering
67,sim3_face_stable_smooth_transform,1115,78050,0.0618704390558779,0.0506526152323139,0.1512911284057314,similarity_plus_hip_centering
68,sim3_face_stable_smooth_transform,967,67690,0.0490881266280196,0.0416601429611566,0.1102890605798585,similarity_plus_hip_centering
69,sim3_face_stable_smooth_transform,961,67270,0.0590396541103154,0.0446392119318215,0.1514158431340049,similarity_plus_hip_centering
7,sim3_face_stable_smooth_transform,954,66780,0.0826252218226871,0.0646865922967462,0.2223893108575162,similarity_plus_hip_centering
70,sim3_face_stable_smooth_transform,1128,78960,0.0574477562307564,0.0482454389763767,0.1294887706029976,similarity_plus_hip_centering
72,sim3_face_stable_smooth_transform,1112,77840,0.0556490678366857,0.049571737309937,0.1231916208360257,similarity_plus_hip_centering
74,sim3_face_stable_smooth_transform,1126,78820,0.0686029694007392,0.061433502340962,0.1495625522325775,similarity_plus_hip_centering
75,sim3_face_stable_smooth_transform,1117,78190,0.0570072251641519,0.0469065251005755,0.1385300339603624,similarity_plus_hip_centering
76,sim3_face_stable_smooth_transform,1060,74200,0.0560676555256233,0.0467490553086851,0.1334458732809024,similarity_plus_hip_centering
77,sim3_face_stable_smooth_transform,1119,78330,0.0515087833075179,0.0440619740826604,0.1200670664558277,similarity_plus_hip_centering
78,sim3_face_stable_smooth_transform,957,66990,0.0547178136764447,0.0489939111257071,0.1180945509760554,similarity_plus_hip_centering
8,sim3_face_stable_smooth_transform,1136,79520,0.0578429404984487,0.0507831263081803,0.1256487138905038,similarity_plus_hip_centering
80,sim3_face_stable_smooth_transform,1102,77140,0.0687976823686043,0.0535282451524076,0.1681870718063,similarity_plus_hip_centering
81,sim3_face_stable_smooth_transform,1118,78260,0.0750684463035403,0.062036423531728,0.1758312027866476,similarity_plus_hip_centering
82,sim3_face_stable_smooth_transform,1111,77770,0.0552675986030473,0.0474769077530554,0.1327277733132797,similarity_plus_hip_centering
83,sim3_face_stable_smooth_transform,1119,78330,0.0688316197396271,0.0563459905883059,0.1730834028743313,similarity_plus_hip_centering
87,sim3_face_stable_smooth_transform,1168,81760,0.0507360219383403,0.0429672609953338,0.1149272466417173,similarity_plus_hip_centering
9,sim3_face_stable_smooth_transform,1114,77980,0.0590450146006829,0.0490165128804909,0.1382482267564708,similarity_plus_hip_centering
90,sim3_face_stable_smooth_transform,959,67130,0.0616466026182543,0.0527846817216699,0.1349815387755286,similarity_plus_hip_centering
91,sim3_face_stable_smooth_transform,1113,77910,0.044522975845559,0.0401121172114614,0.0981859266108864,similarity_plus_hip_centering
92,sim3_face_stable_smooth_transform,1119,78330,0.0567307422884415,0.0486000640039636,0.1309342376952245,similarity_plus_hip_centering
93,sim3_face_stable_smooth_transform,1111,77770,0.0853123668351822,0.0720257203040566,0.1961159234328036,similarity_plus_hip_centering
94,sim3_face_stable_smooth_transform,1123,78610,0.0586320642436866,0.0535687870933191,0.1278877077552929,similarity_plus_hip_centering
95,sim3_face_stable_smooth_transform,1109,77630,0.0449008104301968,0.0374307947065616,0.1066688457544432,similarity_plus_hip_centering
97,sim3_face_stable_smooth_transform,1107,77490,0.0445403163067332,0.0387282825768861,0.0971253506991215,similarity_plus_hip_centering
99,sim3_face_stable_smooth_transform,1111,77770,0.0446473095492259,0.0382361986335796,0.1008664211999375,similarity_plus_hip_centering
107,sim3_face_stable_smooth_transform,946,66220,0.0530020076087522,0.0407284086571654,0.148897250807486,similarity_plus_hip_centering
118,sim3_face_stable_smooth_transform,1114,77980,0.0587661488404016,0.0488238484752015,0.1360065158853159,similarity_plus_hip_centering
12,sim3_face_stable_smooth_transform,955,66850,0.0642145849913775,0.0506827691277172,0.1767063527809374,similarity_plus_hip_centering
123,sim3_face_stable_smooth_transform,1114,77980,0.0944807864719255,0.0766922067324166,0.2301470000333908,similarity_plus_hip_centering
126,sim3_face_stable_smooth_transform,1130,79100,0.1070403338557855,0.080938772029733,0.2795089468193341,similarity_plus_hip_centering
13,sim3_face_stable_smooth_transform,967,67690,0.0817261495146089,0.0680496868742231,0.1977619746715839,similarity_plus_hip_centering
137,sim3_face_stable_smooth_transform,1112,77840,0.0490854167353116,0.042528187612109,0.1108583662963782,similarity_plus_hip_centering
17,sim3_face_stable_smooth_transform,1042,72940,0.0613448738221256,0.051466553724768,0.1445284405565538,similarity_plus_hip_centering
23,sim3_face_stable_smooth_transform,960,67200,0.0793265792032946,0.0632237164420008,0.1972215003974315,similarity_plus_hip_centering
27,sim3_face_stable_smooth_transform,1132,79240,0.0576562208626757,0.0489354551513722,0.1408901159722249,similarity_plus_hip_centering
31,sim3_face_stable_smooth_transform,958,67060,0.0688925129202994,0.0537003421000629,0.1701788847841766,similarity_plus_hip_centering
32,sim3_face_stable_smooth_transform,954,66780,0.0718512595600487,0.0567714430665517,0.1758968288939436,similarity_plus_hip_centering
34,sim3_face_stable_smooth_transform,960,67200,0.0760350134646314,0.0672650948841873,0.1600203279631337,similarity_plus_hip_centering
37,sim3_face_stable_smooth_transform,943,66010,0.0639297717377555,0.0504150109183915,0.1510802257872864,similarity_plus_hip_centering
38,sim3_face_stable_smooth_transform,952,66640,0.067141768416994,0.0515057261656458,0.1676588542629473,similarity_plus_hip_centering
45,sim3_face_stable_smooth_transform,1123,78610,0.0564493998178474,0.04667752452347,0.1244202895844695,similarity_plus_hip_centering
48,sim3_face_stable_smooth_transform,1090,76300,0.0540748270743069,0.0453404564499431,0.1233433126113896,similarity_plus_hip_centering
50,sim3_face_stable_smooth_transform,1120,78400,0.0725535783306373,0.0610979682575695,0.1696548840345568,similarity_plus_hip_centering
57,sim3_face_stable_smooth_transform,1227,85890,0.0698397128143056,0.0632033777538527,0.1447757651350918,similarity_plus_hip_centering
71,sim3_face_stable_smooth_transform,1120,78400,0.0666478436140256,0.0572941156581633,0.1482173590239598,similarity_plus_hip_centering
73,sim3_face_stable_smooth_transform,1113,77910,0.0605441664222345,0.0495361250411899,0.1460842989589409,similarity_plus_hip_centering
84,sim3_face_stable_smooth_transform,1108,77560,0.0533877319415789,0.0452217663545317,0.1189789245065176,similarity_plus_hip_centering
86,sim3_face_stable_smooth_transform,1115,78050,0.0440549681818503,0.0396904195465114,0.0956165707032776,similarity_plus_hip_centering
88,sim3_face_stable_smooth_transform,962,67340,0.0766627972863994,0.0672413392295053,0.1660846151003416,similarity_plus_hip_centering
89,sim3_face_stable_smooth_transform,1108,77560,0.0631913389956907,0.05269099492145,0.1562090528136504,similarity_plus_hip_centering
96,sim3_face_stable_smooth_transform,1110,77700,0.0558603880452299,0.0496410251970586,0.1233590907341014,similarity_plus_hip_centering
98,sim3_face_stable_smooth_transform,1122,78540,0.046972926913183,0.0403215246033595,0.1076216940204786,similarity_plus_hip_centering
1,sim3_face_stable_smooth_transform,955,66850,0.0608239636742894,0.0504415607911137,0.1482185662109034,similarity_plus_hip_centering
106,sim3_face_stable_smooth_transform,1121,78470,0.0791648581875599,0.0665370825691978,0.1901580471274769,similarity_plus_hip_centering
116,sim3_face_stable_smooth_transform,1153,80710,0.0632641443138204,0.0513777643640555,0.1483187424251312,similarity_plus_hip_centering
117,sim3_face_stable_smooth_transform,1114,77980,0.0599474562674606,0.047567033655861,0.1492042237174524,similarity_plus_hip_centering
130,sim3_face_stable_smooth_transform,1117,78190,0.0791963507153739,0.0628950716054645,0.1980759460391532,similarity_plus_hip_centering
136,sim3_face_stable_smooth_transform,949,66430,0.0711130929334887,0.0668508074022984,0.1442968579655288,similarity_plus_hip_centering
24,sim3_face_stable_smooth_transform,949,66430,0.0680794897783063,0.0558821681166254,0.1557336287613833,similarity_plus_hip_centering
36,sim3_face_stable_smooth_transform,1112,77840,0.0546194499408532,0.0477028216198086,0.1249219779516155,similarity_plus_hip_centering
49,sim3_face_stable_smooth_transform,1125,78750,0.0617045756073886,0.0549722526457084,0.1388459387245477,similarity_plus_hip_centering
51,sim3_face_stable_smooth_transform,1110,77700,0.0568678156915883,0.045973370648784,0.1324668282417029,similarity_plus_hip_centering
52,sim3_face_stable_smooth_transform,1122,78540,0.0557261043744969,0.0469780616106085,0.1290914237530779,similarity_plus_hip_centering
60,sim3_face_stable_smooth_transform,1123,78610,0.06690724059832,0.0550259391042027,0.1651594037102041,similarity_plus_hip_centering
79,sim3_face_stable_smooth_transform,1115,78050,0.0564894678134389,0.0477867224983317,0.1355766553581972,similarity_plus_hip_centering
85,sim3_face_stable_smooth_transform,966,67620,0.0464901946788246,0.0397664499885395,0.1073590838833732,similarity_plus_hip_centering
10,sim3_face_stable_smooth_kpt,949,66430,0.0869769160952648,0.066112498903469,0.2231846670480006,similarity_plus_hip_centering
100,sim3_face_stable_smooth_kpt,1112,77840,0.0549571664058965,0.0452049107286266,0.1234001578546503,similarity_plus_hip_centering
101,sim3_face_stable_smooth_kpt,977,68390,0.0458473380165906,0.0445133080027461,0.0938894450749164,similarity_plus_hip_centering
102,sim3_face_stable_smooth_kpt,1114,77980,0.0516724379921433,0.0450716436272869,0.11265180705129,similarity_plus_hip_centering
103,sim3_face_stable_smooth_kpt,971,67970,0.0726934072798715,0.0614255876784726,0.1772102570907822,similarity_plus_hip_centering
104,sim3_face_stable_smooth_kpt,1083,75810,0.0528368259907794,0.046303311330763,0.1076666228405309,similarity_plus_hip_centering
105,sim3_face_stable_smooth_kpt,1278,89460,0.0672984857743901,0.0558046904886127,0.1610522579531222,similarity_plus_hip_centering
108,sim3_face_stable_smooth_kpt,1123,78610,0.0774095096360819,0.0644693179853461,0.1879295223629426,similarity_plus_hip_centering
109,sim3_face_stable_smooth_kpt,1145,80150,0.0971668966433132,0.0848579562405597,0.2074286228829753,similarity_plus_hip_centering
11,sim3_face_stable_smooth_kpt,1116,78120,0.064518187551356,0.0586274558920998,0.1312951456561845,similarity_plus_hip_centering
110,sim3_face_stable_smooth_kpt,1113,77910,0.0625461476420199,0.0533215202737308,0.1462667227907071,similarity_plus_hip_centering
111,sim3_face_stable_smooth_kpt,1106,77420,0.0826138316446344,0.0677674121098533,0.1901497938501019,similarity_plus_hip_centering
112,sim3_face_stable_smooth_kpt,1127,78890,0.0627351491936594,0.0558625462304548,0.1379323956661387,similarity_plus_hip_centering
113,sim3_face_stable_smooth_kpt,1123,78610,0.0527723393098573,0.0467216329244218,0.1201378113961391,similarity_plus_hip_centering
114,sim3_face_stable_smooth_kpt,1431,100170,0.0647712981848492,0.0571937952235685,0.1427795386951018,similarity_plus_hip_centering
115,sim3_face_stable_smooth_kpt,1141,79870,0.0664204117583057,0.0532031544714549,0.1618794742224788,similarity_plus_hip_centering
119,sim3_face_stable_smooth_kpt,968,67760,0.0770007523329725,0.0625703572263791,0.1794757419986045,similarity_plus_hip_centering
120,sim3_face_stable_smooth_kpt,957,66990,0.0934006605400314,0.0740936796577569,0.2203713449608294,similarity_plus_hip_centering
121,sim3_face_stable_smooth_kpt,964,67480,0.1011467459378611,0.0817807275203534,0.2416102002958035,similarity_plus_hip_centering
122,sim3_face_stable_smooth_kpt,1110,77700,0.0735163883993965,0.0617738984070545,0.1588902938895435,similarity_plus_hip_centering
124,sim3_face_stable_smooth_kpt,1100,77000,0.0640472157377534,0.0463657340669015,0.1705940512360901,similarity_plus_hip_centering
125,sim3_face_stable_smooth_kpt,955,66850,0.0901808213314953,0.0745626662599534,0.2084160693321062,similarity_plus_hip_centering
127,sim3_face_stable_smooth_kpt,957,66990,0.0760452945985809,0.0588613561276474,0.1885694209090072,similarity_plus_hip_centering
128,sim3_face_stable_smooth_kpt,967,67690,0.1276473123581003,0.0883204646378802,0.3483200559140982,similarity_plus_hip_centering
129,sim3_face_stable_smooth_kpt,1107,77490,0.0849933666069637,0.0696479251063232,0.1919026644180664,similarity_plus_hip_centering
131,sim3_face_stable_smooth_kpt,1112,77840,0.0714558769996097,0.0592154366134924,0.1688480372246375,similarity_plus_hip_centering
132,sim3_face_stable_smooth_kpt,1114,77980,0.0757657010198183,0.0664480234339585,0.1735789418326151,similarity_plus_hip_centering
133,sim3_face_stable_smooth_kpt,1119,78330,0.0859281903857856,0.0683671912827574,0.2246054824765145,similarity_plus_hip_centering
134,sim3_face_stable_smooth_kpt,1123,78610,0.0861134151525614,0.0707288296026154,0.1992927418046912,similarity_plus_hip_centering
138,sim3_face_stable_smooth_kpt,1120,78400,0.0691445031438668,0.0587392889978573,0.1517734671276843,similarity_plus_hip_centering
14,sim3_face_stable_smooth_kpt,946,66220,0.0563248944734829,0.0461378418313659,0.1329871474187979,similarity_plus_hip_centering
15,sim3_face_stable_smooth_kpt,1104,77280,0.0637079635207689,0.0539914195815378,0.1513445256541176,similarity_plus_hip_centering
16,sim3_face_stable_smooth_kpt,960,67200,0.081326692253219,0.0685603205497124,0.2050400887313267,similarity_plus_hip_centering
18,sim3_face_stable_smooth_kpt,1109,77630,0.0593953137155738,0.0502370158141606,0.1343062940554681,similarity_plus_hip_centering
19,sim3_face_stable_smooth_kpt,955,66850,0.0725032836530761,0.0632508141539665,0.1541213569124443,similarity_plus_hip_centering
2,sim3_face_stable_smooth_kpt,1114,77980,0.0654753623169767,0.0541712024946735,0.1591865449910623,similarity_plus_hip_centering
20,sim3_face_stable_smooth_kpt,1129,79030,0.0730871266629401,0.0642876836152537,0.1555116108725357,similarity_plus_hip_centering
21,sim3_face_stable_smooth_kpt,964,67480,0.0673160105887869,0.0557163192590507,0.1521119861486385,similarity_plus_hip_centering
22,sim3_face_stable_smooth_kpt,953,66710,0.0693432785904207,0.0522939809339382,0.1766516295925927,similarity_plus_hip_centering
25,sim3_face_stable_smooth_kpt,1128,78960,0.0786902316034126,0.0624950809379358,0.206886977659684,similarity_plus_hip_centering
26,sim3_face_stable_smooth_kpt,961,67270,0.059914199182536,0.052185949297854,0.1283012384918346,similarity_plus_hip_centering
28,sim3_face_stable_smooth_kpt,1124,78680,0.0725343508838197,0.060861711469884,0.1701179810403498,similarity_plus_hip_centering
29,sim3_face_stable_smooth_kpt,1112,77840,0.0545057605262133,0.0461983450921215,0.1225929551168399,similarity_plus_hip_centering
3,sim3_face_stable_smooth_kpt,1119,78330,0.1017884210568374,0.0894398738191611,0.2309625957890847,similarity_plus_hip_centering
30,sim3_face_stable_smooth_kpt,1119,78330,0.0750768112861376,0.0612263712261739,0.1746312602927353,similarity_plus_hip_centering
33,sim3_face_stable_smooth_kpt,958,67060,0.0679903265616636,0.0550683837564949,0.1579076606727791,similarity_plus_hip_centering
35,sim3_face_stable_smooth_kpt,1117,78190,0.0673494745766423,0.0600247960802831,0.1424155146162514,similarity_plus_hip_centering
39,sim3_face_stable_smooth_kpt,1028,71960,0.0586204127013196,0.045005731714932,0.1467600796971494,similarity_plus_hip_centering
4,sim3_face_stable_smooth_kpt,1145,80150,0.073740785181264,0.0600861583293412,0.1789718855550601,similarity_plus_hip_centering
40,sim3_face_stable_smooth_kpt,1128,78960,0.0811224828910463,0.0661996909432106,0.2059365927823747,similarity_plus_hip_centering
41,sim3_face_stable_smooth_kpt,1195,83650,0.0488274973999604,0.0386307251463101,0.1286992478972135,similarity_plus_hip_centering
42,sim3_face_stable_smooth_kpt,1115,78050,0.0588881430538358,0.0486716125062742,0.1457036346676942,similarity_plus_hip_centering
43,sim3_face_stable_smooth_kpt,1123,78610,0.0837626653964601,0.0669630557856181,0.2128580339456309,similarity_plus_hip_centering
44,sim3_face_stable_smooth_kpt,1133,79310,0.0662896866009096,0.0532525985481315,0.1584283856304449,similarity_plus_hip_centering
46,sim3_face_stable_smooth_kpt,1116,78120,0.0675093329018043,0.0585718200154504,0.1407636043906983,similarity_plus_hip_centering
47,sim3_face_stable_smooth_kpt,1118,78260,0.0576575655508522,0.0523580168221944,0.1171879514062577,similarity_plus_hip_centering
5,sim3_face_stable_smooth_kpt,1110,77700,0.0572506451974795,0.0475192218393883,0.1386095230455912,similarity_plus_hip_centering
53,sim3_face_stable_smooth_kpt,961,67270,0.0596058488301412,0.0462576719410574,0.1565143820804898,similarity_plus_hip_centering
54,sim3_face_stable_smooth_kpt,1119,78330,0.0622765658386907,0.0514853199995729,0.1503328151797845,similarity_plus_hip_centering
55,sim3_face_stable_smooth_kpt,1116,78120,0.0604311701199928,0.0532002460708345,0.125699630752226,similarity_plus_hip_centering
56,sim3_face_stable_smooth_kpt,1094,76580,0.0659124473627155,0.0587942784659154,0.1321809629435819,similarity_plus_hip_centering
58,sim3_face_stable_smooth_kpt,1112,77840,0.070232621785467,0.0569155586708953,0.1675749606194863,similarity_plus_hip_centering
59,sim3_face_stable_smooth_kpt,1075,75250,0.0656506834796919,0.0591962671121772,0.1380457048189561,similarity_plus_hip_centering
6,sim3_face_stable_smooth_kpt,1113,77910,0.0771829974120207,0.0582589003559592,0.2121543061651695,similarity_plus_hip_centering
61,sim3_face_stable_smooth_kpt,948,66360,0.0962449020515579,0.0809843561331985,0.2313791922017414,similarity_plus_hip_centering
62,sim3_face_stable_smooth_kpt,946,66220,0.085476659111198,0.0672838646903715,0.202561112753661,similarity_plus_hip_centering
63,sim3_face_stable_smooth_kpt,1114,77980,0.0881933931765904,0.072993278373559,0.2151342183288216,similarity_plus_hip_centering
64,sim3_face_stable_smooth_kpt,1121,78470,0.0818105132432963,0.0712435410920408,0.1822225505226753,similarity_plus_hip_centering
65,sim3_face_stable_smooth_kpt,1124,78680,0.0718127779764267,0.0624090586940349,0.1475963926641401,similarity_plus_hip_centering
66,sim3_face_stable_smooth_kpt,965,67550,0.1019550748948241,0.0866839538832274,0.224054901629096,similarity_plus_hip_centering
67,sim3_face_stable_smooth_kpt,1115,78050,0.0629382728187639,0.0516971948755889,0.1537102841873057,similarity_plus_hip_centering
68,sim3_face_stable_smooth_kpt,967,67690,0.0492833780138253,0.0418865301741836,0.1106440674298062,similarity_plus_hip_centering
69,sim3_face_stable_smooth_kpt,961,67270,0.0604401934412064,0.0454252897579172,0.1518649105371731,similarity_plus_hip_centering
7,sim3_face_stable_smooth_kpt,954,66780,0.0843228904368279,0.0661498136977586,0.2238141230104548,similarity_plus_hip_centering
70,sim3_face_stable_smooth_kpt,1128,78960,0.0587807079850516,0.0492541296176866,0.1304688480682548,similarity_plus_hip_centering
72,sim3_face_stable_smooth_kpt,1112,77840,0.0564814711714485,0.0502308147509986,0.1265683026905862,similarity_plus_hip_centering
74,sim3_face_stable_smooth_kpt,1126,78820,0.0695802965534922,0.061950005098423,0.1519501070444117,similarity_plus_hip_centering
75,sim3_face_stable_smooth_kpt,1117,78190,0.0579579270454654,0.047821091957779,0.1399621202554927,similarity_plus_hip_centering
76,sim3_face_stable_smooth_kpt,1060,74200,0.0570789973495732,0.047547710473593,0.1342870002647745,similarity_plus_hip_centering
77,sim3_face_stable_smooth_kpt,1119,78330,0.0521276221778974,0.0448793536530594,0.1208589673825757,similarity_plus_hip_centering
78,sim3_face_stable_smooth_kpt,957,66990,0.0552119201233753,0.0496412921140146,0.119334946129562,similarity_plus_hip_centering
8,sim3_face_stable_smooth_kpt,1136,79520,0.0588732057030801,0.0516669637509302,0.1273596108232911,similarity_plus_hip_centering
80,sim3_face_stable_smooth_kpt,1102,77140,0.0698202457993451,0.0543076309976392,0.1680483768214354,similarity_plus_hip_centering
81,sim3_face_stable_smooth_kpt,1118,78260,0.0766076575157189,0.0634614244924792,0.1816063198620835,similarity_plus_hip_centering
82,sim3_face_stable_smooth_kpt,1111,77770,0.0567655749248929,0.0488389589921943,0.1346894557627166,similarity_plus_hip_centering
83,sim3_face_stable_smooth_kpt,1119,78330,0.0700811173523794,0.0574115606021145,0.1741688899823598,similarity_plus_hip_centering
87,sim3_face_stable_smooth_kpt,1168,81760,0.0519868589350473,0.0444074945212388,0.1170087558351418,similarity_plus_hip_centering
9,sim3_face_stable_smooth_kpt,1114,77980,0.0597906736103696,0.049547759611603,0.138950689810811,similarity_plus_hip_centering
90,sim3_face_stable_smooth_kpt,959,67130,0.0630949916903555,0.0543378605105808,0.1380966450122359,similarity_plus_hip_centering
91,sim3_face_stable_smooth_kpt,1113,77910,0.0449225868691167,0.0404482006081881,0.0993848123328386,similarity_plus_hip_centering
92,sim3_face_stable_smooth_kpt,1119,78330,0.0579470460982006,0.0495205555117819,0.1328407856271335,similarity_plus_hip_centering
93,sim3_face_stable_smooth_kpt,1111,77770,0.086900025267834,0.0737028693239771,0.1976203648797947,similarity_plus_hip_centering
94,sim3_face_stable_smooth_kpt,1123,78610,0.0595089615065733,0.0541943526227427,0.1299093670022744,similarity_plus_hip_centering
95,sim3_face_stable_smooth_kpt,1109,77630,0.0456189569206434,0.0379434919555298,0.1088615335944328,similarity_plus_hip_centering
97,sim3_face_stable_smooth_kpt,1107,77490,0.0457374473434291,0.0394283104732952,0.102551059031441,similarity_plus_hip_centering
99,sim3_face_stable_smooth_kpt,1111,77770,0.045289160014099,0.0387552882045345,0.1030270334969827,similarity_plus_hip_centering
107,sim3_face_stable_smooth_kpt,946,66220,0.0537768259001429,0.0414112598374243,0.1479801908489385,similarity_plus_hip_centering
118,sim3_face_stable_smooth_kpt,1114,77980,0.0592476237312755,0.049635106857357,0.1370292855820616,similarity_plus_hip_centering
12,sim3_face_stable_smooth_kpt,955,66850,0.0654536989265723,0.0526447981688299,0.1759887791835377,similarity_plus_hip_centering
123,sim3_face_stable_smooth_kpt,1114,77980,0.0953137185371146,0.0773509557586993,0.2298627896878994,similarity_plus_hip_centering
126,sim3_face_stable_smooth_kpt,1130,79100,0.1077625572308723,0.0823432127507329,0.2769013103808083,similarity_plus_hip_centering
13,sim3_face_stable_smooth_kpt,967,67690,0.082599108826986,0.0681646929687402,0.2005585387576499,similarity_plus_hip_centering
137,sim3_face_stable_smooth_kpt,1112,77840,0.0501195796787629,0.0432708560365791,0.1129105352067061,similarity_plus_hip_centering
17,sim3_face_stable_smooth_kpt,1042,72940,0.0636674118625432,0.0530964754257408,0.1488550847822974,similarity_plus_hip_centering
23,sim3_face_stable_smooth_kpt,960,67200,0.0797835830368643,0.0636156005222815,0.1995455434457969,similarity_plus_hip_centering
27,sim3_face_stable_smooth_kpt,1132,79240,0.0587955853964576,0.0497069602015844,0.1395940599697044,similarity_plus_hip_centering
31,sim3_face_stable_smooth_kpt,958,67060,0.0702226835334639,0.054778711232024,0.170736819011331,similarity_plus_hip_centering
32,sim3_face_stable_smooth_kpt,954,66780,0.0730820379585626,0.0574660108956631,0.1802174583333843,similarity_plus_hip_centering
34,sim3_face_stable_smooth_kpt,960,67200,0.0781138171944715,0.0697405484453321,0.1586143042458887,similarity_plus_hip_centering
37,sim3_face_stable_smooth_kpt,943,66010,0.0644213214473376,0.0508942538526703,0.1492031232630066,similarity_plus_hip_centering
38,sim3_face_stable_smooth_kpt,952,66640,0.0687391154768044,0.0531062267397814,0.1693610159709015,similarity_plus_hip_centering
45,sim3_face_stable_smooth_kpt,1123,78610,0.0569240123166722,0.0468209732317415,0.1258569758901605,similarity_plus_hip_centering
48,sim3_face_stable_smooth_kpt,1090,76300,0.0551327165812139,0.046251582038606,0.1249999079678248,similarity_plus_hip_centering
50,sim3_face_stable_smooth_kpt,1120,78400,0.0731044462671558,0.0613348367858238,0.1719048531594346,similarity_plus_hip_centering
57,sim3_face_stable_smooth_kpt,1227,85890,0.0717706817362266,0.0655846538042668,0.1461771684368997,similarity_plus_hip_centering
71,sim3_face_stable_smooth_kpt,1120,78400,0.0680820715724962,0.0582868368719901,0.151512140098713,similarity_plus_hip_centering
73,sim3_face_stable_smooth_kpt,1113,77910,0.0612510623289294,0.0498446144208581,0.1473100975772646,similarity_plus_hip_centering
84,sim3_face_stable_smooth_kpt,1108,77560,0.0543477422913014,0.0458798351106285,0.1194170182607368,similarity_plus_hip_centering
86,sim3_face_stable_smooth_kpt,1115,78050,0.0448034482694944,0.0405677998749996,0.0960453100443789,similarity_plus_hip_centering
88,sim3_face_stable_smooth_kpt,962,67340,0.0779094198754061,0.0691263169220394,0.1635987972490823,similarity_plus_hip_centering
89,sim3_face_stable_smooth_kpt,1108,77560,0.0644873257716951,0.0543036959044829,0.1589770047361449,similarity_plus_hip_centering
96,sim3_face_stable_smooth_kpt,1110,77700,0.0566886106534617,0.0501655354272678,0.1256769512739278,similarity_plus_hip_centering
98,sim3_face_stable_smooth_kpt,1122,78540,0.0482101467691137,0.0415441467003116,0.1086375400104122,similarity_plus_hip_centering
1,sim3_face_stable_smooth_kpt,955,66850,0.0618922575532363,0.051448940103979,0.1504278957359375,similarity_plus_hip_centering
106,sim3_face_stable_smooth_kpt,1121,78470,0.0802919820629256,0.0673905687933164,0.1928929103638019,similarity_plus_hip_centering
116,sim3_face_stable_smooth_kpt,1153,80710,0.0647399262468722,0.052823819029209,0.1487485007563114,similarity_plus_hip_centering
117,sim3_face_stable_smooth_kpt,1114,77980,0.060291663022735,0.0482058734689765,0.1499571550034251,similarity_plus_hip_centering
130,sim3_face_stable_smooth_kpt,1117,78190,0.0801943067080734,0.0637605512112472,0.2026716814395128,similarity_plus_hip_centering
136,sim3_face_stable_smooth_kpt,949,66430,0.0720676560197603,0.0688712475264284,0.144032895206687,similarity_plus_hip_centering
24,sim3_face_stable_smooth_kpt,949,66430,0.0687331142000209,0.0565577953625593,0.1542364347224641,similarity_plus_hip_centering
36,sim3_face_stable_smooth_kpt,1112,77840,0.0553703794788669,0.0484040861268067,0.1244673337415859,similarity_plus_hip_centering
49,sim3_face_stable_smooth_kpt,1125,78750,0.0627039611236798,0.0561376036792385,0.140683035641188,similarity_plus_hip_centering
51,sim3_face_stable_smooth_kpt,1110,77700,0.0574956455173168,0.0465929805354296,0.132020650623576,similarity_plus_hip_centering
52,sim3_face_stable_smooth_kpt,1122,78540,0.0568937346747839,0.0482055017341537,0.1301316280055371,similarity_plus_hip_centering
60,sim3_face_stable_smooth_kpt,1123,78610,0.0676197783153433,0.0560428788933312,0.1645408995689576,similarity_plus_hip_centering
79,sim3_face_stable_smooth_kpt,1115,78050,0.0570695097550234,0.0483968037760624,0.1355541271500742,similarity_plus_hip_centering
85,sim3_face_stable_smooth_kpt,966,67620,0.0475108451093545,0.0407321721360375,0.1114423005119575,similarity_plus_hip_centering
10,extrinsic_r_average,949,66430,0.0841420723167354,0.0632215064108208,0.2239986569881387,similarity_plus_hip_centering
100,extrinsic_r_average,1112,77840,0.0476502354369289,0.0396822481021768,0.1119324057249375,similarity_plus_hip_centering
101,extrinsic_r_average,977,68390,0.0428306502249221,0.0418153734886208,0.0895605391123518,similarity_plus_hip_centering
102,extrinsic_r_average,1114,77980,0.0461512574758344,0.0406523629422522,0.1026670320537612,similarity_plus_hip_centering
103,extrinsic_r_average,971,67970,0.0676961066423055,0.0571713015811987,0.1714876924849032,similarity_plus_hip_centering
104,extrinsic_r_average,1083,75810,0.0500702472480363,0.0443747742961566,0.1032106529420825,similarity_plus_hip_centering
105,extrinsic_r_average,1278,89460,0.0599304246684641,0.0493051399650499,0.1533793501336666,similarity_plus_hip_centering
108,extrinsic_r_average,1123,78610,0.0726123773105216,0.0591822279324369,0.1837895047663737,similarity_plus_hip_centering
109,extrinsic_r_average,1145,80150,0.0939539161121137,0.0821766418189131,0.2052497659836158,similarity_plus_hip_centering
11,extrinsic_r_average,1116,78120,0.0609909413198377,0.0546463150924011,0.1273577104334829,similarity_plus_hip_centering
110,extrinsic_r_average,1113,77910,0.0576170315703399,0.0483155580165266,0.1420099373741652,similarity_plus_hip_centering
111,extrinsic_r_average,1106,77420,0.0783893975997924,0.0641272691099375,0.1853599567606798,similarity_plus_hip_centering
112,extrinsic_r_average,1127,78890,0.0556233401629496,0.0462334185611776,0.1313746628469403,similarity_plus_hip_centering
113,extrinsic_r_average,1123,78610,0.0453775658543302,0.0381210436530561,0.1153917372572198,similarity_plus_hip_centering
114,extrinsic_r_average,1431,100170,0.0575905240456619,0.0501213301305013,0.13295599967521,similarity_plus_hip_centering
115,extrinsic_r_average,1141,79870,0.0607598605424436,0.0496728520794905,0.145739310079912,similarity_plus_hip_centering
119,extrinsic_r_average,968,67760,0.0689138743659002,0.0540878638953718,0.1761095199601335,similarity_plus_hip_centering
120,extrinsic_r_average,957,66990,0.0841988690507686,0.0669852942026644,0.2013258672180014,similarity_plus_hip_centering
121,extrinsic_r_average,964,67480,0.0966383180302856,0.0729514105165447,0.2384388778735366,similarity_plus_hip_centering
122,extrinsic_r_average,1110,77700,0.0670426848812809,0.0554272743766617,0.1488633926346805,similarity_plus_hip_centering
124,extrinsic_r_average,1100,77000,0.0621188057122735,0.043657308644096,0.1710760181528321,similarity_plus_hip_centering
125,extrinsic_r_average,955,66850,0.0802402212174309,0.0638280420304926,0.1954198832154392,similarity_plus_hip_centering
127,extrinsic_r_average,957,66990,0.0722248045931004,0.0546220170597236,0.1857722227879184,similarity_plus_hip_centering
128,extrinsic_r_average,967,67690,0.1258879465808398,0.0882047604188361,0.340010853859405,similarity_plus_hip_centering
129,extrinsic_r_average,1107,77490,0.0828119769296028,0.0674079005497679,0.1913359575132409,similarity_plus_hip_centering
131,extrinsic_r_average,1112,77840,0.062302556920545,0.0519513830003799,0.150574723012398,similarity_plus_hip_centering
132,extrinsic_r_average,1114,77980,0.0774305169230659,0.0674817675984097,0.1723023446325543,similarity_plus_hip_centering
133,extrinsic_r_average,1119,78330,0.0834678651139526,0.0640714517657089,0.2244192495375855,similarity_plus_hip_centering
134,extrinsic_r_average,1123,78610,0.0810931095790502,0.0660664552236315,0.1890925749468316,similarity_plus_hip_centering
138,extrinsic_r_average,1120,78400,0.0635186384842671,0.0530214923331633,0.1434113153766452,similarity_plus_hip_centering
14,extrinsic_r_average,946,66220,0.051307946896914,0.0425146726374739,0.1218009799629749,similarity_plus_hip_centering
15,extrinsic_r_average,1104,77280,0.0572518599799209,0.0482222206212815,0.1448693372924504,similarity_plus_hip_centering
16,extrinsic_r_average,960,67200,0.08225589194991,0.0678533105651314,0.2110090178396238,similarity_plus_hip_centering
18,extrinsic_r_average,1109,77630,0.0567314798482089,0.048601737493396,0.1270030174892005,similarity_plus_hip_centering
19,extrinsic_r_average,955,66850,0.0646038235164825,0.0565544276627934,0.1427184007366506,similarity_plus_hip_centering
2,extrinsic_r_average,1114,77980,0.0621150662411384,0.0514159316794568,0.1573477769852025,similarity_plus_hip_centering
20,extrinsic_r_average,1129,79030,0.0664818956422916,0.0587341777191479,0.1470189815745732,similarity_plus_hip_centering
21,extrinsic_r_average,964,67480,0.0621902733039928,0.0519537813155361,0.1397081422637527,similarity_plus_hip_centering
22,extrinsic_r_average,953,66710,0.0623176360649263,0.0481130644590828,0.1604866550984623,similarity_plus_hip_centering
25,extrinsic_r_average,1128,78960,0.0747028944188354,0.058517945583148,0.1930687999459334,similarity_plus_hip_centering
26,extrinsic_r_average,961,67270,0.0553999625637,0.0481856889306637,0.1214041816808689,similarity_plus_hip_centering
28,extrinsic_r_average,1124,78680,0.0652092423359904,0.054875542532922,0.163891455893902,similarity_plus_hip_centering
29,extrinsic_r_average,1112,77840,0.0497359139505539,0.0420944311149238,0.1116473113635886,similarity_plus_hip_centering
3,extrinsic_r_average,1119,78330,0.0985506751332728,0.0872421852362035,0.2116531269637606,similarity_plus_hip_centering
30,extrinsic_r_average,1119,78330,0.0712754196081182,0.057436895019465,0.1642586236243035,similarity_plus_hip_centering
33,extrinsic_r_average,958,67060,0.0644918753227333,0.0526152073598722,0.1500600680323943,similarity_plus_hip_centering
35,extrinsic_r_average,1117,78190,0.0592453016885487,0.0528157563291841,0.1286167354216246,similarity_plus_hip_centering
39,extrinsic_r_average,1028,71960,0.053959300296147,0.0412861667315836,0.1421158308707109,similarity_plus_hip_centering
4,extrinsic_r_average,1145,80150,0.070809162568838,0.0561307997157926,0.1791242174203742,similarity_plus_hip_centering
40,extrinsic_r_average,1128,78960,0.0769414776476514,0.0638366523767131,0.1914242581785901,similarity_plus_hip_centering
41,extrinsic_r_average,1195,83650,0.04608888389352,0.0367859589133955,0.1219340775851765,similarity_plus_hip_centering
42,extrinsic_r_average,1115,78050,0.0553818433925282,0.0453800158493773,0.1441486081794828,similarity_plus_hip_centering
43,extrinsic_r_average,1123,78610,0.081579983622796,0.0676968872063809,0.2000237899633594,similarity_plus_hip_centering
44,extrinsic_r_average,1133,79310,0.0619154250830294,0.0497129400040655,0.1523330188651304,similarity_plus_hip_centering
46,extrinsic_r_average,1116,78120,0.0621956840699631,0.0543340471774937,0.1295873253134627,similarity_plus_hip_centering
47,extrinsic_r_average,1118,78260,0.0526602339877113,0.0458636919106411,0.110513976948076,similarity_plus_hip_centering
5,extrinsic_r_average,1110,77700,0.0517478947422513,0.0428996045517582,0.1284178777207816,similarity_plus_hip_centering
53,extrinsic_r_average,961,67270,0.0557710789655524,0.0446613054253031,0.1454691992597566,similarity_plus_hip_centering
54,extrinsic_r_average,1119,78330,0.0582694003069386,0.0489595934658714,0.1349518309912454,similarity_plus_hip_centering
55,extrinsic_r_average,1116,78120,0.0548832513315366,0.0489949336081972,0.1166520788175339,similarity_plus_hip_centering
56,extrinsic_r_average,1094,76580,0.0587138367499811,0.0520687588996989,0.1263354656358609,similarity_plus_hip_centering
58,extrinsic_r_average,1112,77840,0.0617814765383555,0.0462654032499097,0.1568758636675671,similarity_plus_hip_centering
59,extrinsic_r_average,1075,75250,0.0654982585520221,0.0576611319983395,0.1411127359193776,similarity_plus_hip_centering
6,extrinsic_r_average,1113,77910,0.0729011912632403,0.0550998117860127,0.2110218799893107,similarity_plus_hip_centering
61,extrinsic_r_average,948,66360,0.0978891006347,0.0817393116463809,0.2452043436274223,similarity_plus_hip_centering
62,extrinsic_r_average,946,66220,0.0792361892260466,0.06418443378138,0.1901013825513571,similarity_plus_hip_centering
63,extrinsic_r_average,1114,77980,0.0870723762936546,0.0718522685656325,0.219916856013319,similarity_plus_hip_centering
64,extrinsic_r_average,1121,78470,0.0784901838883741,0.0684651101735039,0.1813367211762508,similarity_plus_hip_centering
65,extrinsic_r_average,1124,78680,0.0608965621021018,0.0512539041423152,0.1294074583768021,similarity_plus_hip_centering
66,extrinsic_r_average,965,67550,0.1033212940306793,0.0894560602306304,0.2347706800504899,similarity_plus_hip_centering
67,extrinsic_r_average,1115,78050,0.0572412123979751,0.0471565970561769,0.1421993819916238,similarity_plus_hip_centering
68,extrinsic_r_average,967,67690,0.0425378199485432,0.0363971394547033,0.096426745983551,similarity_plus_hip_centering
69,extrinsic_r_average,961,67270,0.0536829049368192,0.0404154952531433,0.1423241838907676,similarity_plus_hip_centering
7,extrinsic_r_average,954,66780,0.0791813502354464,0.0628669198344658,0.2122096264453077,similarity_plus_hip_centering
70,extrinsic_r_average,1128,78960,0.0515697489490395,0.0425082869787624,0.1217618481464586,similarity_plus_hip_centering
72,extrinsic_r_average,1112,77840,0.0507057474804153,0.0441965734961706,0.1145248721700666,similarity_plus_hip_centering
74,extrinsic_r_average,1126,78820,0.0652515593402097,0.0578530368984247,0.1435234809537683,similarity_plus_hip_centering
75,extrinsic_r_average,1117,78190,0.0509574733045927,0.0417295299362163,0.1234906017244713,similarity_plus_hip_centering
76,extrinsic_r_average,1060,74200,0.0502700856849883,0.0411560729779974,0.1174305881550937,similarity_plus_hip_centering
77,extrinsic_r_average,1119,78330,0.0496741819393048,0.0429816334152055,0.1160370080758438,similarity_plus_hip_centering
78,extrinsic_r_average,957,66990,0.0540196822267586,0.0480870450176666,0.1172048758336004,similarity_plus_hip_centering
8,extrinsic_r_average,1136,79520,0.0524896745648188,0.0450033902958229,0.1202599329808194,similarity_plus_hip_centering
80,extrinsic_r_average,1102,77140,0.0603430866207684,0.0493012838550871,0.141245268943567,similarity_plus_hip_centering
81,extrinsic_r_average,1118,78260,0.0695124119388828,0.0572946174406924,0.1676507557541221,similarity_plus_hip_centering
82,extrinsic_r_average,1111,77770,0.049040004660564,0.0409157653295168,0.1200463698611837,similarity_plus_hip_centering
83,extrinsic_r_average,1119,78330,0.0663786149837106,0.0549775268569934,0.1725119834973158,similarity_plus_hip_centering
87,extrinsic_r_average,1168,81760,0.0458333144132032,0.0383143903243746,0.1019265460311657,similarity_plus_hip_centering
9,extrinsic_r_average,1114,77980,0.0540293173395064,0.0452711584786095,0.1319798328243937,similarity_plus_hip_centering
90,extrinsic_r_average,959,67130,0.0554084010284856,0.0466454900133401,0.1234789675311752,similarity_plus_hip_centering
91,extrinsic_r_average,1113,77910,0.0394989093096782,0.035356408785871,0.0856037217266266,similarity_plus_hip_centering
92,extrinsic_r_average,1119,78330,0.0538553950269594,0.0447993158663338,0.1319841169839526,similarity_plus_hip_centering
93,extrinsic_r_average,1111,77770,0.0856907047039478,0.0728967640214922,0.2007642680119293,similarity_plus_hip_centering
94,extrinsic_r_average,1123,78610,0.0578536156926029,0.0539624914526251,0.1268694373785876,similarity_plus_hip_centering
95,extrinsic_r_average,1109,77630,0.041568109106516,0.0329892001400019,0.1031629660402238,similarity_plus_hip_centering
97,extrinsic_r_average,1107,77490,0.0413891878188517,0.0349476773495971,0.0939057558341225,similarity_plus_hip_centering
99,extrinsic_r_average,1111,77770,0.0426847631154529,0.0357452035897869,0.0977913302455291,similarity_plus_hip_centering
107,extrinsic_r_average,946,66220,0.0505633601998785,0.037972000953545,0.1501316167126987,similarity_plus_hip_centering
118,extrinsic_r_average,1114,77980,0.0560074941508397,0.0454102786293217,0.1338678705684396,similarity_plus_hip_centering
12,extrinsic_r_average,955,66850,0.0612432851523749,0.0482968499513875,0.1711214097503495,similarity_plus_hip_centering
123,extrinsic_r_average,1114,77980,0.0930834839633396,0.0732379813601793,0.2306652602094717,similarity_plus_hip_centering
126,extrinsic_r_average,1130,79100,0.1021593612312481,0.0742462081115297,0.2584978336271852,similarity_plus_hip_centering
13,extrinsic_r_average,967,67690,0.0833894865066233,0.0694202783893686,0.2025919384497809,similarity_plus_hip_centering
137,extrinsic_r_average,1112,77840,0.0442323028331423,0.03840215684578,0.1023790394320226,similarity_plus_hip_centering
17,extrinsic_r_average,1042,72940,0.0554812904353479,0.0456454241819795,0.1364599368013164,similarity_plus_hip_centering
23,extrinsic_r_average,960,67200,0.0775449075497867,0.0628132741675027,0.1960831586382565,similarity_plus_hip_centering
27,extrinsic_r_average,1132,79240,0.0528293036246114,0.0422316002942036,0.1381289498862605,similarity_plus_hip_centering
31,extrinsic_r_average,958,67060,0.0624239847049784,0.0473480210308083,0.1622648681185313,similarity_plus_hip_centering
32,extrinsic_r_average,954,66780,0.0689262456066741,0.0547246462615618,0.1743331541820997,similarity_plus_hip_centering
34,extrinsic_r_average,960,67200,0.0652033344411311,0.057535005470179,0.1383665749561426,similarity_plus_hip_centering
37,extrinsic_r_average,943,66010,0.0612779960322348,0.0477877088137999,0.1468596113334384,similarity_plus_hip_centering
38,extrinsic_r_average,952,66640,0.0584450851085247,0.0452847414931533,0.1509835956905528,similarity_plus_hip_centering
45,extrinsic_r_average,1123,78610,0.0524706800177228,0.0441236380310906,0.1153288883238509,similarity_plus_hip_centering
48,extrinsic_r_average,1090,76300,0.0493597876397898,0.0404893085223509,0.1177235227274602,similarity_plus_hip_centering
50,extrinsic_r_average,1120,78400,0.0701322499914782,0.0594446924190876,0.1685895813573175,similarity_plus_hip_centering
57,extrinsic_r_average,1227,85890,0.0655860870023712,0.0567427887476936,0.1423927344295608,similarity_plus_hip_centering
71,extrinsic_r_average,1120,78400,0.0580975446903646,0.0479925592978611,0.138702425799976,similarity_plus_hip_centering
73,extrinsic_r_average,1113,77910,0.0576051477197775,0.047145678669789,0.1376145271472618,similarity_plus_hip_centering
84,extrinsic_r_average,1108,77560,0.0441498719721147,0.036350587576386,0.107634113501527,similarity_plus_hip_centering
86,extrinsic_r_average,1115,78050,0.0384686374410592,0.0343061969621393,0.0890432399387625,similarity_plus_hip_centering
88,extrinsic_r_average,962,67340,0.0671972074517475,0.0568246293588228,0.1469958032669067,similarity_plus_hip_centering
89,extrinsic_r_average,1108,77560,0.0593864226988962,0.0494740916798067,0.1514484247229337,similarity_plus_hip_centering
96,extrinsic_r_average,1110,77700,0.0530646004608951,0.0486860867234698,0.115829079361849,similarity_plus_hip_centering
98,extrinsic_r_average,1122,78540,0.0438690228996814,0.0366767448992777,0.1049517012969823,similarity_plus_hip_centering
1,extrinsic_r_average,955,66850,0.056578774741132,0.0468778603155278,0.144141052055889,similarity_plus_hip_centering
106,extrinsic_r_average,1121,78470,0.0768799635538791,0.0616268729978266,0.1864158337735431,similarity_plus_hip_centering
116,extrinsic_r_average,1153,80710,0.0609264234047955,0.0507278576860902,0.1422876298112916,similarity_plus_hip_centering
117,extrinsic_r_average,1114,77980,0.0612234271882255,0.0476291009887142,0.1576115657050436,similarity_plus_hip_centering
130,extrinsic_r_average,1117,78190,0.073194930038254,0.0577844707259769,0.1865129365466025,similarity_plus_hip_centering
136,extrinsic_r_average,949,66430,0.0656938045404988,0.0597902616171578,0.1393661821857585,similarity_plus_hip_centering
24,extrinsic_r_average,949,66430,0.0639137237583893,0.0521330597021527,0.1500602723512385,similarity_plus_hip_centering
36,extrinsic_r_average,1112,77840,0.0518173676651013,0.0453422266822278,0.1160469974683095,similarity_plus_hip_centering
49,extrinsic_r_average,1125,78750,0.0548354991111773,0.0466355880480554,0.1343406062535956,similarity_plus_hip_centering
51,extrinsic_r_average,1110,77700,0.0524036527160489,0.0420354781895817,0.1249538317734898,similarity_plus_hip_centering
52,extrinsic_r_average,1122,78540,0.051820662753342,0.0438016574916873,0.1238795477342134,similarity_plus_hip_centering
60,extrinsic_r_average,1123,78610,0.0627738610715542,0.0497805700997637,0.1648214711178484,similarity_plus_hip_centering
79,extrinsic_r_average,1115,78050,0.0553812675582353,0.0473270653490211,0.1334665169128003,similarity_plus_hip_centering
85,extrinsic_r_average,966,67620,0.0396973537870739,0.0320912006520952,0.1042443536140756,similarity_plus_hip_centering
10,extrinsic_r_quality_average,949,66430,0.0890443005380903,0.0668020356746188,0.2431785004973101,similarity_plus_hip_centering
100,extrinsic_r_quality_average,1112,77840,0.0482274635577964,0.0408037837725422,0.1076897833085088,similarity_plus_hip_centering
101,extrinsic_r_quality_average,977,68390,0.0436212480194672,0.0412563093105407,0.0920881812157657,similarity_plus_hip_centering
102,extrinsic_r_quality_average,1114,77980,0.0465710148115314,0.0405399477404197,0.1034499213730501,similarity_plus_hip_centering
103,extrinsic_r_quality_average,971,67970,0.0682864030502549,0.0560179429210308,0.1786818030949033,similarity_plus_hip_centering
104,extrinsic_r_quality_average,1083,75810,0.0521760998010651,0.0461446379006448,0.1095050521267987,similarity_plus_hip_centering
105,extrinsic_r_quality_average,1278,89460,0.0604006218611468,0.0497958659012491,0.1550381479138691,similarity_plus_hip_centering
108,extrinsic_r_quality_average,1123,78610,0.0715598817610512,0.0578579879381904,0.1824119169633921,similarity_plus_hip_centering
109,extrinsic_r_quality_average,1145,80150,0.0951912329082055,0.0837836056871827,0.2096673023775609,similarity_plus_hip_centering
11,extrinsic_r_quality_average,1116,78120,0.0617970190513399,0.0554103851418946,0.1333124482349115,similarity_plus_hip_centering
110,extrinsic_r_quality_average,1113,77910,0.057330137092315,0.04739169693077,0.1429809102943694,similarity_plus_hip_centering
111,extrinsic_r_quality_average,1106,77420,0.0779756359836434,0.0633877605396274,0.1856978681514413,similarity_plus_hip_centering
112,extrinsic_r_quality_average,1127,78890,0.0564065697583838,0.0481328416813737,0.1289532500783406,similarity_plus_hip_centering
113,extrinsic_r_quality_average,1123,78610,0.0458480432013631,0.0380100448145992,0.1173775948885328,similarity_plus_hip_centering
114,extrinsic_r_quality_average,1431,100170,0.057684301311404,0.0499389552340574,0.1313696151075549,similarity_plus_hip_centering
115,extrinsic_r_quality_average,1141,79870,0.0624994361141054,0.0500322917298172,0.1566067784297022,similarity_plus_hip_centering
119,extrinsic_r_quality_average,968,67760,0.069624122879162,0.0542358848141835,0.1801274299847905,similarity_plus_hip_centering
120,extrinsic_r_quality_average,957,66990,0.086080215500125,0.066971120433471,0.209845021969978,similarity_plus_hip_centering
121,extrinsic_r_quality_average,964,67480,0.0977375317571119,0.0707011613428963,0.2579506560888696,similarity_plus_hip_centering
122,extrinsic_r_quality_average,1110,77700,0.0659116677231143,0.0545700933489097,0.1473224713578954,similarity_plus_hip_centering
124,extrinsic_r_quality_average,1100,77000,0.0640773456315843,0.0449327908401686,0.1804466912220867,similarity_plus_hip_centering
125,extrinsic_r_quality_average,955,66850,0.0822835815914858,0.0643277939055706,0.2049543986459241,similarity_plus_hip_centering
127,extrinsic_r_quality_average,957,66990,0.0733333555903444,0.055506967667912,0.1901408150309458,similarity_plus_hip_centering
128,extrinsic_r_quality_average,967,67690,0.1289648092892292,0.089804949100886,0.3535065089468195,similarity_plus_hip_centering
129,extrinsic_r_quality_average,1107,77490,0.0820271597614582,0.0657058675081091,0.1968407048088457,similarity_plus_hip_centering
131,extrinsic_r_quality_average,1112,77840,0.0619068919821367,0.0517925409841731,0.1494797618969245,similarity_plus_hip_centering
132,extrinsic_r_quality_average,1114,77980,0.0796806053301328,0.0679146849450537,0.1831290502151444,similarity_plus_hip_centering
133,extrinsic_r_quality_average,1119,78330,0.0832607785735509,0.0633671842243761,0.2229809893835829,similarity_plus_hip_centering
134,extrinsic_r_quality_average,1123,78610,0.0829910551736164,0.0665175367768877,0.1973529553933391,similarity_plus_hip_centering
138,extrinsic_r_quality_average,1120,78400,0.062080555148311,0.0510160373383895,0.1468665004129761,similarity_plus_hip_centering
14,extrinsic_r_quality_average,946,66220,0.0525798243071729,0.0438142565344769,0.12796808393591,similarity_plus_hip_centering
15,extrinsic_r_quality_average,1104,77280,0.0565620980048645,0.0470847409300565,0.1370942173548274,similarity_plus_hip_centering
16,extrinsic_r_quality_average,960,67200,0.0836671338601883,0.0677685060698388,0.2162647884778762,similarity_plus_hip_centering
18,extrinsic_r_quality_average,1109,77630,0.0578898850807073,0.0492530392272353,0.1335407171892373,similarity_plus_hip_centering
19,extrinsic_r_quality_average,955,66850,0.064666443422407,0.0565101417237866,0.1433161609386749,similarity_plus_hip_centering
2,extrinsic_r_quality_average,1114,77980,0.063026372288621,0.0512453233579898,0.1573348895903366,similarity_plus_hip_centering
20,extrinsic_r_quality_average,1129,79030,0.0669193541653281,0.0579236315153707,0.1527852902768793,similarity_plus_hip_centering
21,extrinsic_r_quality_average,964,67480,0.0635432489430808,0.0528791813291458,0.1471629292396821,similarity_plus_hip_centering
22,extrinsic_r_quality_average,953,66710,0.0656223575325855,0.049835676356587,0.174762123673493,similarity_plus_hip_centering
25,extrinsic_r_quality_average,1128,78960,0.0749799322787372,0.0593591290760214,0.1967325769322665,similarity_plus_hip_centering
26,extrinsic_r_quality_average,961,67270,0.0570356653933621,0.0495374757929056,0.1250856490286913,similarity_plus_hip_centering
28,extrinsic_r_quality_average,1124,78680,0.0667554662330839,0.0550100991562683,0.165304860415744,similarity_plus_hip_centering
29,extrinsic_r_quality_average,1112,77840,0.0504688056062376,0.0427073283001818,0.1151340109196065,similarity_plus_hip_centering
3,extrinsic_r_quality_average,1119,78330,0.1037165646805952,0.0894223694686301,0.2371694603131176,similarity_plus_hip_centering
30,extrinsic_r_quality_average,1119,78330,0.0735096022636013,0.0599832815085422,0.1683152327875121,similarity_plus_hip_centering
33,extrinsic_r_quality_average,958,67060,0.0678059631520655,0.0538223676458717,0.1684824412091361,similarity_plus_hip_centering
35,extrinsic_r_quality_average,1117,78190,0.0583338336572364,0.050480842882553,0.1309325194689913,similarity_plus_hip_centering
39,extrinsic_r_quality_average,1028,71960,0.0541235377055241,0.0416114536068846,0.1413520892339631,similarity_plus_hip_centering
4,extrinsic_r_quality_average,1145,80150,0.071706570062594,0.0563898677939919,0.1831888147348541,similarity_plus_hip_centering
40,extrinsic_r_quality_average,1128,78960,0.0784909073132575,0.0640588898932954,0.202141327624321,similarity_plus_hip_centering
41,extrinsic_r_quality_average,1195,83650,0.0470967420743196,0.0382310600510155,0.1220419739663274,similarity_plus_hip_centering
42,extrinsic_r_quality_average,1115,78050,0.0560642581773955,0.0450010702927669,0.1445150712793926,similarity_plus_hip_centering
43,extrinsic_r_quality_average,1123,78610,0.0840822460467011,0.0663390108530361,0.2189066552033352,similarity_plus_hip_centering
44,extrinsic_r_quality_average,1133,79310,0.0630434252499183,0.0494112468836996,0.1580284010832403,similarity_plus_hip_centering
46,extrinsic_r_quality_average,1116,78120,0.0640209186506914,0.0542664643771537,0.14100891967168,similarity_plus_hip_centering
47,extrinsic_r_quality_average,1118,78260,0.0533787373782368,0.0465385222098468,0.1148540903829828,similarity_plus_hip_centering
5,extrinsic_r_quality_average,1110,77700,0.0518538368972523,0.0429281134028561,0.1278335006545803,similarity_plus_hip_centering
53,extrinsic_r_quality_average,961,67270,0.0568053637717564,0.0444358565674989,0.1522874115305296,similarity_plus_hip_centering
54,extrinsic_r_quality_average,1119,78330,0.0589217614077973,0.0493649121478726,0.1378577543304864,similarity_plus_hip_centering
55,extrinsic_r_quality_average,1116,78120,0.0556488206329943,0.04782904837965,0.1217379786505163,similarity_plus_hip_centering
56,extrinsic_r_quality_average,1094,76580,0.0595959440046892,0.0510369578440582,0.1323467487298912,similarity_plus_hip_centering
58,extrinsic_r_quality_average,1112,77840,0.0633300491445092,0.0467004454437331,0.162299431976756,similarity_plus_hip_centering
59,extrinsic_r_quality_average,1075,75250,0.0657167811796417,0.0575135292669032,0.1456414604641741,similarity_plus_hip_centering
6,extrinsic_r_quality_average,1113,77910,0.0746273509586383,0.0559211179623282,0.2158486011823459,similarity_plus_hip_centering
61,extrinsic_r_quality_average,948,66360,0.0996082650371619,0.0819047600099044,0.2528132134501394,similarity_plus_hip_centering
62,extrinsic_r_quality_average,946,66220,0.0812172758683892,0.064726597114079,0.1988762328430586,similarity_plus_hip_centering
63,extrinsic_r_quality_average,1114,77980,0.0878584243105746,0.0711340975608171,0.2182212342913826,similarity_plus_hip_centering
64,extrinsic_r_quality_average,1121,78470,0.0813695440275257,0.0674734880450542,0.1939036973998885,similarity_plus_hip_centering
65,extrinsic_r_quality_average,1124,78680,0.0616023628326291,0.0521568752949077,0.1309862480488835,similarity_plus_hip_centering
66,extrinsic_r_quality_average,965,67550,0.1025434697628257,0.0878278637313857,0.2338011135879867,similarity_plus_hip_centering
67,extrinsic_r_quality_average,1115,78050,0.0579178730913542,0.0475430972366456,0.1405618524653182,similarity_plus_hip_centering
68,extrinsic_r_quality_average,967,67690,0.0422496329471037,0.0374963674200881,0.0901915252164137,similarity_plus_hip_centering
69,extrinsic_r_quality_average,961,67270,0.0562143612467012,0.0416832848219138,0.1471150659736561,similarity_plus_hip_centering
7,extrinsic_r_quality_average,954,66780,0.0804645362873665,0.0634486670174555,0.2111220609931758,similarity_plus_hip_centering
70,extrinsic_r_quality_average,1128,78960,0.0530121085176387,0.0430922027393955,0.1288449168693238,similarity_plus_hip_centering
72,extrinsic_r_quality_average,1112,77840,0.0516587492916383,0.0437192492869893,0.1194879494046151,similarity_plus_hip_centering
74,extrinsic_r_quality_average,1126,78820,0.0662367286571963,0.0581751588904948,0.149978041918041,similarity_plus_hip_centering
75,extrinsic_r_quality_average,1117,78190,0.0521008220970009,0.0428550156341147,0.128037081756881,similarity_plus_hip_centering
76,extrinsic_r_quality_average,1060,74200,0.0515478381143068,0.0400655821626167,0.1238242037775603,similarity_plus_hip_centering
77,extrinsic_r_quality_average,1119,78330,0.0503108987126008,0.044377578707314,0.1145538174787255,similarity_plus_hip_centering
78,extrinsic_r_quality_average,957,66990,0.0543799903755458,0.0491335156575842,0.1149441364474423,similarity_plus_hip_centering
8,extrinsic_r_quality_average,1136,79520,0.0534938881759797,0.0456130545632915,0.1232633187701606,similarity_plus_hip_centering
80,extrinsic_r_quality_average,1102,77140,0.0640035239287079,0.0521816690199435,0.1564212429898074,similarity_plus_hip_centering
81,extrinsic_r_quality_average,1118,78260,0.0708609749049725,0.057830476234961,0.169877199575285,similarity_plus_hip_centering
82,extrinsic_r_quality_average,1111,77770,0.0488453854881315,0.0399805812735118,0.1204011947144075,similarity_plus_hip_centering
83,extrinsic_r_quality_average,1119,78330,0.0677168809819669,0.0550612900563855,0.1766600033143258,similarity_plus_hip_centering
87,extrinsic_r_quality_average,1168,81760,0.0473927974236714,0.0389484793045962,0.1084871671252191,similarity_plus_hip_centering
9,extrinsic_r_quality_average,1114,77980,0.0542728771906583,0.0447176959524934,0.1354249145053792,similarity_plus_hip_centering
90,extrinsic_r_quality_average,959,67130,0.0546880741375199,0.0460947790066392,0.1241203319701491,similarity_plus_hip_centering
91,extrinsic_r_quality_average,1113,77910,0.0405114945951659,0.036522950632576,0.0886185017347982,similarity_plus_hip_centering
92,extrinsic_r_quality_average,1119,78330,0.0553569583553001,0.0449424494790492,0.1408378111114998,similarity_plus_hip_centering
93,extrinsic_r_quality_average,1111,77770,0.0876760875013549,0.0725431277165538,0.2092904919045782,similarity_plus_hip_centering
94,extrinsic_r_quality_average,1123,78610,0.0591902289809925,0.0542727429086699,0.128434464495024,similarity_plus_hip_centering
95,extrinsic_r_quality_average,1109,77630,0.042325472978569,0.0336632040336295,0.1050164340094914,similarity_plus_hip_centering
97,extrinsic_r_quality_average,1107,77490,0.0433419678884929,0.0365134993266305,0.0981258938713287,similarity_plus_hip_centering
99,extrinsic_r_quality_average,1111,77770,0.0433091822986819,0.0362442140958902,0.0952618696325305,similarity_plus_hip_centering
107,extrinsic_r_quality_average,946,66220,0.0514013472952112,0.0382822696124351,0.1524928209807467,similarity_plus_hip_centering
118,extrinsic_r_quality_average,1114,77980,0.0567359835806789,0.0443967948444994,0.1409901696195497,similarity_plus_hip_centering
12,extrinsic_r_quality_average,955,66850,0.0633757275722222,0.048177405365623,0.1756331229842729,similarity_plus_hip_centering
123,extrinsic_r_quality_average,1114,77980,0.0957734175380132,0.0740244763461204,0.2455245532522187,similarity_plus_hip_centering
126,extrinsic_r_quality_average,1130,79100,0.1046266946667865,0.0752002649891423,0.2827025062704094,similarity_plus_hip_centering
13,extrinsic_r_quality_average,967,67690,0.0842625105825101,0.0707862302960313,0.2083191314772107,similarity_plus_hip_centering
137,extrinsic_r_quality_average,1112,77840,0.045248766730807,0.0385604442518728,0.107092051667293,similarity_plus_hip_centering
17,extrinsic_r_quality_average,1042,72940,0.0570508474690297,0.0471253213567598,0.1378400738945129,similarity_plus_hip_centering
23,extrinsic_r_quality_average,960,67200,0.0768367555261325,0.0616040309702417,0.2078446680579873,similarity_plus_hip_centering
27,extrinsic_r_quality_average,1132,79240,0.054207300209093,0.0431477284298993,0.1431189239495172,similarity_plus_hip_centering
31,extrinsic_r_quality_average,958,67060,0.0637742261727025,0.0478692804340697,0.1671141838584548,similarity_plus_hip_centering
32,extrinsic_r_quality_average,954,66780,0.0692984195984061,0.0545710163008381,0.1737527135101022,similarity_plus_hip_centering
34,extrinsic_r_quality_average,960,67200,0.0684266048544006,0.0569386829289746,0.1589168354770201,similarity_plus_hip_centering
37,extrinsic_r_quality_average,943,66010,0.0627357376981748,0.0489805249738248,0.1534022396263643,similarity_plus_hip_centering
38,extrinsic_r_quality_average,952,66640,0.0607383348577039,0.0454564362608158,0.1618522669462559,similarity_plus_hip_centering
45,extrinsic_r_quality_average,1123,78610,0.0529217048216855,0.0443509748749518,0.1171505921785439,similarity_plus_hip_centering
48,extrinsic_r_quality_average,1090,76300,0.0496027361544506,0.0408721492744723,0.1161204990083793,similarity_plus_hip_centering
50,extrinsic_r_quality_average,1120,78400,0.074237580901279,0.0609705392192805,0.1932160351226447,similarity_plus_hip_centering
57,extrinsic_r_quality_average,1227,85890,0.066335765913506,0.0567092951094892,0.1464886104924702,similarity_plus_hip_centering
71,extrinsic_r_quality_average,1120,78400,0.0595304595273672,0.0483159223702971,0.1449994250509165,similarity_plus_hip_centering
73,extrinsic_r_quality_average,1113,77910,0.0592006664279874,0.049149251650058,0.133021446734056,similarity_plus_hip_centering
84,extrinsic_r_quality_average,1108,77560,0.0454901017873042,0.0372645201256275,0.1101143933955569,similarity_plus_hip_centering
86,extrinsic_r_quality_average,1115,78050,0.0390963608185223,0.0349696841255193,0.0872100653520802,similarity_plus_hip_centering
88,extrinsic_r_quality_average,962,67340,0.0702369174689353,0.0596888461014585,0.1553105146783516,similarity_plus_hip_centering
89,extrinsic_r_quality_average,1108,77560,0.0589530238069636,0.0487427847452048,0.1438697053295684,similarity_plus_hip_centering
96,extrinsic_r_quality_average,1110,77700,0.0536829006729633,0.0484568832450341,0.1172334707383027,similarity_plus_hip_centering
98,extrinsic_r_quality_average,1122,78540,0.0446655974047371,0.0379178668586036,0.1053800913248541,similarity_plus_hip_centering
1,extrinsic_r_quality_average,955,66850,0.0579204531554909,0.0476486184760448,0.1405851844816641,similarity_plus_hip_centering
106,extrinsic_r_quality_average,1121,78470,0.0774503791266977,0.0620212292576599,0.1901732838643276,similarity_plus_hip_centering
116,extrinsic_r_quality_average,1153,80710,0.0613109376821634,0.0507028013200776,0.1421780967512289,similarity_plus_hip_centering
117,extrinsic_r_quality_average,1114,77980,0.0610914745638151,0.0471044359517683,0.1579592052836927,similarity_plus_hip_centering
130,extrinsic_r_quality_average,1117,78190,0.0744724003608544,0.0577586242149948,0.1931819575945779,similarity_plus_hip_centering
136,extrinsic_r_quality_average,949,66430,0.0657940332359958,0.0593662526651709,0.1397330646559518,similarity_plus_hip_centering
24,extrinsic_r_quality_average,949,66430,0.0636622298418521,0.0518209374228116,0.1507673253166448,similarity_plus_hip_centering
36,extrinsic_r_quality_average,1112,77840,0.0542774835552459,0.045993238906159,0.1238315798200126,similarity_plus_hip_centering
49,extrinsic_r_quality_average,1125,78750,0.054068852390943,0.0462899104706362,0.1293829659191135,similarity_plus_hip_centering
51,extrinsic_r_quality_average,1110,77700,0.053586829649586,0.0419084914174739,0.1342826289149016,similarity_plus_hip_centering
52,extrinsic_r_quality_average,1122,78540,0.053336284095645,0.0432060387518572,0.1307317503578846,similarity_plus_hip_centering
60,extrinsic_r_quality_average,1123,78610,0.0613812298875395,0.0488225239178674,0.1564343779100093,similarity_plus_hip_centering
79,extrinsic_r_quality_average,1115,78050,0.0553685025606445,0.0476097118566083,0.1284347412986858,similarity_plus_hip_centering
85,extrinsic_r_quality_average,966,67620,0.040612823180568,0.0325372642308519,0.1060970146480295,similarity_plus_hip_centering
